item_id,csv_row_number,question,column_used,table_row_id,NCT,PubMed ID,Trial name,source_value,actual_payload_json,predicted_answer_json,actual_values_json,row_selected,exact_match,match_any_value,question_dir,row_type
row_350,350,"For Atezolizumab trials, bucket total sample size as small(<100), medium(100–299), or large(≥300).",Total sample size,,NCT02302807,29268948,IMvigor211,931.0,"{""size_bucket"": ""large""}",null,"[""\""large\"""", ""large""]",0,0.0,0.0,/mnt/data1/srchowd3/FD-NL2SQL/methodv2/runs/question_table_copy_llm_naive_full_qwen30b/questions/row_350_For_Atezolizumab_trials_bucket_total_sample_size_as_small_100_medium_100_299_or_large_300,
row_350,350,"For Atezolizumab trials, bucket total sample size as small(<100), medium(100–299), or large(≥300).",Total sample size,,NCT02425891,30345906,IMpassion130,902.0,"{""size_bucket"": ""large""}",null,"[""\""large\"""", ""large""]",0,0.0,0.0,/mnt/data1/srchowd3/FD-NL2SQL/methodv2/runs/question_table_copy_llm_naive_full_qwen30b/questions/row_350_For_Atezolizumab_trials_bucket_total_sample_size_as_small_100_medium_100_299_or_large_300,
row_350,350,"For Atezolizumab trials, bucket total sample size as small(<100), medium(100–299), or large(≥300).",Total sample size,,NCT02788279,31003911,IMblaze130,363.0,"{""size_bucket"": ""large""}",null,"[""\""large\"""", ""large""]",0,0.0,0.0,/mnt/data1/srchowd3/FD-NL2SQL/methodv2/runs/question_table_copy_llm_naive_full_qwen30b/questions/row_350_For_Atezolizumab_trials_bucket_total_sample_size_as_small_100_medium_100_299_or_large_300,
row_350,350,"For Atezolizumab trials, bucket total sample size as small(<100), medium(100–299), or large(≥300).",Total sample size,,NCT02788279,31003911,IMblaze130,363.0,"{""size_bucket"": ""large""}",null,"[""\""large\"""", ""large""]",0,0.0,0.0,/mnt/data1/srchowd3/FD-NL2SQL/methodv2/runs/question_table_copy_llm_naive_full_qwen30b/questions/row_350_For_Atezolizumab_trials_bucket_total_sample_size_as_small_100_medium_100_299_or_large_300,
row_350,350,"For Atezolizumab trials, bucket total sample size as small(<100), medium(100–299), or large(≥300).",Total sample size,,NCT01984242,29867230,IMmotion150,305.0,"{""size_bucket"": ""large""}",null,"[""\""large\"""", ""large""]",0,0.0,0.0,/mnt/data1/srchowd3/FD-NL2SQL/methodv2/runs/question_table_copy_llm_naive_full_qwen30b/questions/row_350_For_Atezolizumab_trials_bucket_total_sample_size_as_small_100_medium_100_299_or_large_300,
row_350,350,"For Atezolizumab trials, bucket total sample size as small(<100), medium(100–299), or large(≥300).",Total sample size,,NCT01984242,29867230,IMmotion150,305.0,"{""size_bucket"": ""large""}",null,"[""\""large\"""", ""large""]",0,0.0,0.0,/mnt/data1/srchowd3/FD-NL2SQL/methodv2/runs/question_table_copy_llm_naive_full_qwen30b/questions/row_350_For_Atezolizumab_trials_bucket_total_sample_size_as_small_100_medium_100_299_or_large_300,
row_350,350,"For Atezolizumab trials, bucket total sample size as small(<100), medium(100–299), or large(≥300).",Total sample size,,NCT02420821,31079938,IMmotion151,915.0,"{""size_bucket"": ""large""}",null,"[""\""large\"""", ""large""]",0,0.0,0.0,/mnt/data1/srchowd3/FD-NL2SQL/methodv2/runs/question_table_copy_llm_naive_full_qwen30b/questions/row_350_For_Atezolizumab_trials_bucket_total_sample_size_as_small_100_medium_100_299_or_large_300,
row_350,350,"For Atezolizumab trials, bucket total sample size as small(<100), medium(100–299), or large(≥300).",Total sample size,,NCT01903993,26970723,POPLAR,287.0,"{""size_bucket"": ""medium""}",null,"[""\""medium\"""", ""medium""]",0,0.0,0.0,/mnt/data1/srchowd3/FD-NL2SQL/methodv2/runs/question_table_copy_llm_naive_full_qwen30b/questions/row_350_For_Atezolizumab_trials_bucket_total_sample_size_as_small_100_medium_100_299_or_large_300,
row_350,350,"For Atezolizumab trials, bucket total sample size as small(<100), medium(100–299), or large(≥300).",Total sample size,,NCT02395172,30262187,JAVELIN Lung 200,758.0,"{""size_bucket"": ""large""}",null,"[""\""large\"""", ""large""]",0,0.0,0.0,/mnt/data1/srchowd3/FD-NL2SQL/methodv2/runs/question_table_copy_llm_naive_full_qwen30b/questions/row_350_For_Atezolizumab_trials_bucket_total_sample_size_as_small_100_medium_100_299_or_large_300,
row_350,350,"For Atezolizumab trials, bucket total sample size as small(<100), medium(100–299), or large(≥300).",Total sample size,,NCT02008227,27979383,OAK,1225.0,"{""size_bucket"": ""large""}",null,"[""\""large\"""", ""large""]",0,0.0,0.0,/mnt/data1/srchowd3/FD-NL2SQL/methodv2/runs/question_table_copy_llm_naive_full_qwen30b/questions/row_350_For_Atezolizumab_trials_bucket_total_sample_size_as_small_100_medium_100_299_or_large_300,
row_350,350,"For Atezolizumab trials, bucket total sample size as small(<100), medium(100–299), or large(≥300).",Total sample size,,NCT02008227,29777823,OAK,1225.0,"{""size_bucket"": ""large""}",null,"[""\""large\"""", ""large""]",0,0.0,0.0,/mnt/data1/srchowd3/FD-NL2SQL/methodv2/runs/question_table_copy_llm_naive_full_qwen30b/questions/row_350_For_Atezolizumab_trials_bucket_total_sample_size_as_small_100_medium_100_299_or_large_300,
row_350,350,"For Atezolizumab trials, bucket total sample size as small(<100), medium(100–299), or large(≥300).",Total sample size,,NCT02763579,30280641,IMPower 133,403.0,"{""size_bucket"": ""large""}",null,"[""\""large\"""", ""large""]",0,0.0,0.0,/mnt/data1/srchowd3/FD-NL2SQL/methodv2/runs/question_table_copy_llm_naive_full_qwen30b/questions/row_350_For_Atezolizumab_trials_bucket_total_sample_size_as_small_100_medium_100_299_or_large_300,
row_350,350,"For Atezolizumab trials, bucket total sample size as small(<100), medium(100–299), or large(≥300).",Total sample size,,NCT02366143,29863955,IMPower150,1202.0,"{""size_bucket"": ""large""}",null,"[""\""large\"""", ""large""]",0,0.0,0.0,/mnt/data1/srchowd3/FD-NL2SQL/methodv2/runs/question_table_copy_llm_naive_full_qwen30b/questions/row_350_For_Atezolizumab_trials_bucket_total_sample_size_as_small_100_medium_100_299_or_large_300,
row_350,350,"For Atezolizumab trials, bucket total sample size as small(<100), medium(100–299), or large(≥300).",Total sample size,,NCT02366143,29863955,IMPower150,1202.0,"{""size_bucket"": ""large""}",null,"[""\""large\"""", ""large""]",0,0.0,0.0,/mnt/data1/srchowd3/FD-NL2SQL/methodv2/runs/question_table_copy_llm_naive_full_qwen30b/questions/row_350_For_Atezolizumab_trials_bucket_total_sample_size_as_small_100_medium_100_299_or_large_300,
row_350,350,"For Atezolizumab trials, bucket total sample size as small(<100), medium(100–299), or large(≥300).",Total sample size,,NCT03059667,30664989,IFCT-1603,73.0,"{""size_bucket"": ""small""}",null,"[""\""small\"""", ""small""]",0,0.0,0.0,/mnt/data1/srchowd3/FD-NL2SQL/methodv2/runs/question_table_copy_llm_naive_full_qwen30b/questions/row_350_For_Atezolizumab_trials_bucket_total_sample_size_as_small_100_medium_100_299_or_large_300,
row_350,350,"For Atezolizumab trials, bucket total sample size as small(<100), medium(100–299), or large(≥300).",Total sample size,,NCT02367781,31122901,IMpower130,724.0,"{""size_bucket"": ""large""}",null,"[""\""large\"""", ""large""]",0,0.0,0.0,/mnt/data1/srchowd3/FD-NL2SQL/methodv2/runs/question_table_copy_llm_naive_full_qwen30b/questions/row_350_For_Atezolizumab_trials_bucket_total_sample_size_as_small_100_medium_100_299_or_large_300,
row_350,350,"For Atezolizumab trials, bucket total sample size as small(<100), medium(100–299), or large(≥300).",Total sample size,,NCT02425891,31786121,IMpassion130,902.0,"{""size_bucket"": ""large""}",null,"[""\""large\"""", ""large""]",0,0.0,0.0,/mnt/data1/srchowd3/FD-NL2SQL/methodv2/runs/question_table_copy_llm_naive_full_qwen30b/questions/row_350_For_Atezolizumab_trials_bucket_total_sample_size_as_small_100_medium_100_299_or_large_300,
row_350,350,"For Atezolizumab trials, bucket total sample size as small(<100), medium(100–299), or large(≥300).",Total sample size,,NCT02763579,31959349,IMpower133,403.0,"{""size_bucket"": ""large""}",null,"[""\""large\"""", ""large""]",0,0.0,0.0,/mnt/data1/srchowd3/FD-NL2SQL/methodv2/runs/question_table_copy_llm_naive_full_qwen30b/questions/row_350_For_Atezolizumab_trials_bucket_total_sample_size_as_small_100_medium_100_299_or_large_300,
row_350,350,"For Atezolizumab trials, bucket total sample size as small(<100), medium(100–299), or large(≥300).",Total sample size,,NCT02367794,32302702,IMpower131,1021.0,"{""size_bucket"": ""large""}",null,"[""\""large\"""", ""large""]",0,0.0,0.0,/mnt/data1/srchowd3/FD-NL2SQL/methodv2/runs/question_table_copy_llm_naive_full_qwen30b/questions/row_350_For_Atezolizumab_trials_bucket_total_sample_size_as_small_100_medium_100_299_or_large_300,
row_350,350,"For Atezolizumab trials, bucket total sample size as small(<100), medium(100–299), or large(≥300).",Total sample size,,NCT02367794,32302702,IMpower131,1021.0,"{""size_bucket"": ""large""}",null,"[""\""large\"""", ""large""]",0,0.0,0.0,/mnt/data1/srchowd3/FD-NL2SQL/methodv2/runs/question_table_copy_llm_naive_full_qwen30b/questions/row_350_For_Atezolizumab_trials_bucket_total_sample_size_as_small_100_medium_100_299_or_large_300,
row_350,350,"For Atezolizumab trials, bucket total sample size as small(<100), medium(100–299), or large(≥300).",Total sample size,,NCT02908672,32534646,IMspire150,514.0,"{""size_bucket"": ""large""}",null,"[""\""large\"""", ""large""]",0,0.0,0.0,/mnt/data1/srchowd3/FD-NL2SQL/methodv2/runs/question_table_copy_llm_naive_full_qwen30b/questions/row_350_For_Atezolizumab_trials_bucket_total_sample_size_as_small_100_medium_100_299_or_large_300,
row_350,350,"For Atezolizumab trials, bucket total sample size as small(<100), medium(100–299), or large(≥300).",Total sample size,,NCT02807636,32416780,IMvigor130,1213.0,"{""size_bucket"": ""large""}",null,"[""\""large\"""", ""large""]",0,0.0,0.0,/mnt/data1/srchowd3/FD-NL2SQL/methodv2/runs/question_table_copy_llm_naive_full_qwen30b/questions/row_350_For_Atezolizumab_trials_bucket_total_sample_size_as_small_100_medium_100_299_or_large_300,
row_350,350,"For Atezolizumab trials, bucket total sample size as small(<100), medium(100–299), or large(≥300).",Total sample size,,NCT02807636,32416780,IMvigor130,1213.0,"{""size_bucket"": ""large""}",null,"[""\""large\"""", ""large""]",0,0.0,0.0,/mnt/data1/srchowd3/FD-NL2SQL/methodv2/runs/question_table_copy_llm_naive_full_qwen30b/questions/row_350_For_Atezolizumab_trials_bucket_total_sample_size_as_small_100_medium_100_299_or_large_300,
row_350,350,"For Atezolizumab trials, bucket total sample size as small(<100), medium(100–299), or large(≥300).",Total sample size,,NCT03434379,32402160,IMbrave150,336.0,"{""size_bucket"": ""large""}",null,"[""\""large\"""", ""large""]",0,0.0,0.0,/mnt/data1/srchowd3/FD-NL2SQL/methodv2/runs/question_table_copy_llm_naive_full_qwen30b/questions/row_350_For_Atezolizumab_trials_bucket_total_sample_size_as_small_100_medium_100_299_or_large_300,
row_350,350,"For Atezolizumab trials, bucket total sample size as small(<100), medium(100–299), or large(≥300).",Total sample size,,NCT03197935,32966830,IMpassion031,333.0,"{""size_bucket"": ""large""}",null,"[""\""large\"""", ""large""]",0,0.0,0.0,/mnt/data1/srchowd3/FD-NL2SQL/methodv2/runs/question_table_copy_llm_naive_full_qwen30b/questions/row_350_For_Atezolizumab_trials_bucket_total_sample_size_as_small_100_medium_100_299_or_large_300,
row_350,350,"For Atezolizumab trials, bucket total sample size as small(<100), medium(100–299), or large(≥300).",Total sample size,,NCT02409342,32997907,IMpower110,572.0,"{""size_bucket"": ""large""}",null,"[""\""large\"""", ""large""]",0,0.0,0.0,/mnt/data1/srchowd3/FD-NL2SQL/methodv2/runs/question_table_copy_llm_naive_full_qwen30b/questions/row_350_For_Atezolizumab_trials_bucket_total_sample_size_as_small_100_medium_100_299_or_large_300,
row_350,350,"For Atezolizumab trials, bucket total sample size as small(<100), medium(100–299), or large(≥300).",Total sample size,,NCT02657434,33333328,Impower 132,578.0,"{""size_bucket"": ""large""}",null,"[""\""large\"""", ""large""]",0,0.0,0.0,/mnt/data1/srchowd3/FD-NL2SQL/methodv2/runs/question_table_copy_llm_naive_full_qwen30b/questions/row_350_For_Atezolizumab_trials_bucket_total_sample_size_as_small_100_medium_100_299_or_large_300,
row_350,350,"For Atezolizumab trials, bucket total sample size as small(<100), medium(100–299), or large(≥300).",Total sample size,,NCT01903993,33166718,POPLAR,287.0,"{""size_bucket"": ""medium""}",null,"[""\""medium\"""", ""medium""]",0,0.0,0.0,/mnt/data1/srchowd3/FD-NL2SQL/methodv2/runs/question_table_copy_llm_naive_full_qwen30b/questions/row_350_For_Atezolizumab_trials_bucket_total_sample_size_as_small_100_medium_100_299_or_large_300,
row_350,350,"For Atezolizumab trials, bucket total sample size as small(<100), medium(100–299), or large(≥300).",Total sample size,,NCT02008227,33166718,OAK,1225.0,"{""size_bucket"": ""large""}",null,"[""\""large\"""", ""large""]",0,0.0,0.0,/mnt/data1/srchowd3/FD-NL2SQL/methodv2/runs/question_table_copy_llm_naive_full_qwen30b/questions/row_350_For_Atezolizumab_trials_bucket_total_sample_size_as_small_100_medium_100_299_or_large_300,
row_350,350,"For Atezolizumab trials, bucket total sample size as small(<100), medium(100–299), or large(≥300).",Total sample size,,NCT02450331, 33721560,Imvigor010,809.0,"{""size_bucket"": ""large""}",null,"[""\""large\"""", ""large""]",0,0.0,0.0,/mnt/data1/srchowd3/FD-NL2SQL/methodv2/runs/question_table_copy_llm_naive_full_qwen30b/questions/row_350_For_Atezolizumab_trials_bucket_total_sample_size_as_small_100_medium_100_299_or_large_300,
row_350,350,"For Atezolizumab trials, bucket total sample size as small(<100), medium(100–299), or large(≥300).",Total sample size,1,,,,,,"""large""",[],0,0.0,0.0,/mnt/data1/srchowd3/FD-NL2SQL/methodv2/runs/question_table_copy_llm_naive_full_qwen30b/questions/row_350_For_Atezolizumab_trials_bucket_total_sample_size_as_small_100_medium_100_299_or_large_300,extra_prediction
row_350,350,"For Atezolizumab trials, bucket total sample size as small(<100), medium(100–299), or large(≥300).",Total sample size,4,,,,,,"""large""",[],0,0.0,0.0,/mnt/data1/srchowd3/FD-NL2SQL/methodv2/runs/question_table_copy_llm_naive_full_qwen30b/questions/row_350_For_Atezolizumab_trials_bucket_total_sample_size_as_small_100_medium_100_299_or_large_300,extra_prediction
row_350,350,"For Atezolizumab trials, bucket total sample size as small(<100), medium(100–299), or large(≥300).",Total sample size,6,,,,,,"""medium""",[],0,0.0,0.0,/mnt/data1/srchowd3/FD-NL2SQL/methodv2/runs/question_table_copy_llm_naive_full_qwen30b/questions/row_350_For_Atezolizumab_trials_bucket_total_sample_size_as_small_100_medium_100_299_or_large_300,extra_prediction
row_350,350,"For Atezolizumab trials, bucket total sample size as small(<100), medium(100–299), or large(≥300).",Total sample size,7,,,,,,"""medium""",[],0,0.0,0.0,/mnt/data1/srchowd3/FD-NL2SQL/methodv2/runs/question_table_copy_llm_naive_full_qwen30b/questions/row_350_For_Atezolizumab_trials_bucket_total_sample_size_as_small_100_medium_100_299_or_large_300,extra_prediction
row_350,350,"For Atezolizumab trials, bucket total sample size as small(<100), medium(100–299), or large(≥300).",Total sample size,16,,,,,,"""medium""",[],0,0.0,0.0,/mnt/data1/srchowd3/FD-NL2SQL/methodv2/runs/question_table_copy_llm_naive_full_qwen30b/questions/row_350_For_Atezolizumab_trials_bucket_total_sample_size_as_small_100_medium_100_299_or_large_300,extra_prediction
row_350,350,"For Atezolizumab trials, bucket total sample size as small(<100), medium(100–299), or large(≥300).",Total sample size,17,,,,,,"""medium""",[],0,0.0,0.0,/mnt/data1/srchowd3/FD-NL2SQL/methodv2/runs/question_table_copy_llm_naive_full_qwen30b/questions/row_350_For_Atezolizumab_trials_bucket_total_sample_size_as_small_100_medium_100_299_or_large_300,extra_prediction
row_350,350,"For Atezolizumab trials, bucket total sample size as small(<100), medium(100–299), or large(≥300).",Total sample size,18,,,,,,"""large""",[],0,0.0,0.0,/mnt/data1/srchowd3/FD-NL2SQL/methodv2/runs/question_table_copy_llm_naive_full_qwen30b/questions/row_350_For_Atezolizumab_trials_bucket_total_sample_size_as_small_100_medium_100_299_or_large_300,extra_prediction
row_350,350,"For Atezolizumab trials, bucket total sample size as small(<100), medium(100–299), or large(≥300).",Total sample size,19,,,,,,"""large""",[],0,0.0,0.0,/mnt/data1/srchowd3/FD-NL2SQL/methodv2/runs/question_table_copy_llm_naive_full_qwen30b/questions/row_350_For_Atezolizumab_trials_bucket_total_sample_size_as_small_100_medium_100_299_or_large_300,extra_prediction
row_350,350,"For Atezolizumab trials, bucket total sample size as small(<100), medium(100–299), or large(≥300).",Total sample size,20,,,,,,"""large""",[],0,0.0,0.0,/mnt/data1/srchowd3/FD-NL2SQL/methodv2/runs/question_table_copy_llm_naive_full_qwen30b/questions/row_350_For_Atezolizumab_trials_bucket_total_sample_size_as_small_100_medium_100_299_or_large_300,extra_prediction
row_350,350,"For Atezolizumab trials, bucket total sample size as small(<100), medium(100–299), or large(≥300).",Total sample size,21,,,,,,"""large""",[],0,0.0,0.0,/mnt/data1/srchowd3/FD-NL2SQL/methodv2/runs/question_table_copy_llm_naive_full_qwen30b/questions/row_350_For_Atezolizumab_trials_bucket_total_sample_size_as_small_100_medium_100_299_or_large_300,extra_prediction
row_350,350,"For Atezolizumab trials, bucket total sample size as small(<100), medium(100–299), or large(≥300).",Total sample size,22,,,,,,"""large""",[],0,0.0,0.0,/mnt/data1/srchowd3/FD-NL2SQL/methodv2/runs/question_table_copy_llm_naive_full_qwen30b/questions/row_350_For_Atezolizumab_trials_bucket_total_sample_size_as_small_100_medium_100_299_or_large_300,extra_prediction
row_350,350,"For Atezolizumab trials, bucket total sample size as small(<100), medium(100–299), or large(≥300).",Total sample size,31,,,,,,"""medium""",[],0,0.0,0.0,/mnt/data1/srchowd3/FD-NL2SQL/methodv2/runs/question_table_copy_llm_naive_full_qwen30b/questions/row_350_For_Atezolizumab_trials_bucket_total_sample_size_as_small_100_medium_100_299_or_large_300,extra_prediction
row_350,350,"For Atezolizumab trials, bucket total sample size as small(<100), medium(100–299), or large(≥300).",Total sample size,37,,,,,,"""large""",[],0,0.0,0.0,/mnt/data1/srchowd3/FD-NL2SQL/methodv2/runs/question_table_copy_llm_naive_full_qwen30b/questions/row_350_For_Atezolizumab_trials_bucket_total_sample_size_as_small_100_medium_100_299_or_large_300,extra_prediction
row_350,350,"For Atezolizumab trials, bucket total sample size as small(<100), medium(100–299), or large(≥300).",Total sample size,40,,,,,,"""large""",[],0,0.0,0.0,/mnt/data1/srchowd3/FD-NL2SQL/methodv2/runs/question_table_copy_llm_naive_full_qwen30b/questions/row_350_For_Atezolizumab_trials_bucket_total_sample_size_as_small_100_medium_100_299_or_large_300,extra_prediction
row_350,350,"For Atezolizumab trials, bucket total sample size as small(<100), medium(100–299), or large(≥300).",Total sample size,41,,,,,,"""large""",[],0,0.0,0.0,/mnt/data1/srchowd3/FD-NL2SQL/methodv2/runs/question_table_copy_llm_naive_full_qwen30b/questions/row_350_For_Atezolizumab_trials_bucket_total_sample_size_as_small_100_medium_100_299_or_large_300,extra_prediction
row_350,350,"For Atezolizumab trials, bucket total sample size as small(<100), medium(100–299), or large(≥300).",Total sample size,43,,,,,,"""medium""",[],0,0.0,0.0,/mnt/data1/srchowd3/FD-NL2SQL/methodv2/runs/question_table_copy_llm_naive_full_qwen30b/questions/row_350_For_Atezolizumab_trials_bucket_total_sample_size_as_small_100_medium_100_299_or_large_300,extra_prediction
row_350,350,"For Atezolizumab trials, bucket total sample size as small(<100), medium(100–299), or large(≥300).",Total sample size,44,,,,,,"""medium""",[],0,0.0,0.0,/mnt/data1/srchowd3/FD-NL2SQL/methodv2/runs/question_table_copy_llm_naive_full_qwen30b/questions/row_350_For_Atezolizumab_trials_bucket_total_sample_size_as_small_100_medium_100_299_or_large_300,extra_prediction
row_350,350,"For Atezolizumab trials, bucket total sample size as small(<100), medium(100–299), or large(≥300).",Total sample size,45,,,,,,"""large""",[],0,0.0,0.0,/mnt/data1/srchowd3/FD-NL2SQL/methodv2/runs/question_table_copy_llm_naive_full_qwen30b/questions/row_350_For_Atezolizumab_trials_bucket_total_sample_size_as_small_100_medium_100_299_or_large_300,extra_prediction
row_350,350,"For Atezolizumab trials, bucket total sample size as small(<100), medium(100–299), or large(≥300).",Total sample size,46,,,,,,"""large""",[],0,0.0,0.0,/mnt/data1/srchowd3/FD-NL2SQL/methodv2/runs/question_table_copy_llm_naive_full_qwen30b/questions/row_350_For_Atezolizumab_trials_bucket_total_sample_size_as_small_100_medium_100_299_or_large_300,extra_prediction
row_350,350,"For Atezolizumab trials, bucket total sample size as small(<100), medium(100–299), or large(≥300).",Total sample size,47,,,,,,"""large""",[],0,0.0,0.0,/mnt/data1/srchowd3/FD-NL2SQL/methodv2/runs/question_table_copy_llm_naive_full_qwen30b/questions/row_350_For_Atezolizumab_trials_bucket_total_sample_size_as_small_100_medium_100_299_or_large_300,extra_prediction
row_350,350,"For Atezolizumab trials, bucket total sample size as small(<100), medium(100–299), or large(≥300).",Total sample size,48,,,,,,"""large""",[],0,0.0,0.0,/mnt/data1/srchowd3/FD-NL2SQL/methodv2/runs/question_table_copy_llm_naive_full_qwen30b/questions/row_350_For_Atezolizumab_trials_bucket_total_sample_size_as_small_100_medium_100_299_or_large_300,extra_prediction
row_350,350,"For Atezolizumab trials, bucket total sample size as small(<100), medium(100–299), or large(≥300).",Total sample size,49,,,,,,"""large""",[],0,0.0,0.0,/mnt/data1/srchowd3/FD-NL2SQL/methodv2/runs/question_table_copy_llm_naive_full_qwen30b/questions/row_350_For_Atezolizumab_trials_bucket_total_sample_size_as_small_100_medium_100_299_or_large_300,extra_prediction
row_350,350,"For Atezolizumab trials, bucket total sample size as small(<100), medium(100–299), or large(≥300).",Total sample size,50,,,,,,"""large""",[],0,0.0,0.0,/mnt/data1/srchowd3/FD-NL2SQL/methodv2/runs/question_table_copy_llm_naive_full_qwen30b/questions/row_350_For_Atezolizumab_trials_bucket_total_sample_size_as_small_100_medium_100_299_or_large_300,extra_prediction
row_350,350,"For Atezolizumab trials, bucket total sample size as small(<100), medium(100–299), or large(≥300).",Total sample size,51,,,,,,"""large""",[],0,0.0,0.0,/mnt/data1/srchowd3/FD-NL2SQL/methodv2/runs/question_table_copy_llm_naive_full_qwen30b/questions/row_350_For_Atezolizumab_trials_bucket_total_sample_size_as_small_100_medium_100_299_or_large_300,extra_prediction
row_350,350,"For Atezolizumab trials, bucket total sample size as small(<100), medium(100–299), or large(≥300).",Total sample size,52,,,,,,"""large""",[],0,0.0,0.0,/mnt/data1/srchowd3/FD-NL2SQL/methodv2/runs/question_table_copy_llm_naive_full_qwen30b/questions/row_350_For_Atezolizumab_trials_bucket_total_sample_size_as_small_100_medium_100_299_or_large_300,extra_prediction
row_350,350,"For Atezolizumab trials, bucket total sample size as small(<100), medium(100–299), or large(≥300).",Total sample size,53,,,,,,"""small""",[],0,0.0,0.0,/mnt/data1/srchowd3/FD-NL2SQL/methodv2/runs/question_table_copy_llm_naive_full_qwen30b/questions/row_350_For_Atezolizumab_trials_bucket_total_sample_size_as_small_100_medium_100_299_or_large_300,extra_prediction
row_350,350,"For Atezolizumab trials, bucket total sample size as small(<100), medium(100–299), or large(≥300).",Total sample size,54,,,,,,"""medium""",[],0,0.0,0.0,/mnt/data1/srchowd3/FD-NL2SQL/methodv2/runs/question_table_copy_llm_naive_full_qwen30b/questions/row_350_For_Atezolizumab_trials_bucket_total_sample_size_as_small_100_medium_100_299_or_large_300,extra_prediction
row_350,350,"For Atezolizumab trials, bucket total sample size as small(<100), medium(100–299), or large(≥300).",Total sample size,55,,,,,,"""large""",[],0,0.0,0.0,/mnt/data1/srchowd3/FD-NL2SQL/methodv2/runs/question_table_copy_llm_naive_full_qwen30b/questions/row_350_For_Atezolizumab_trials_bucket_total_sample_size_as_small_100_medium_100_299_or_large_300,extra_prediction
row_350,350,"For Atezolizumab trials, bucket total sample size as small(<100), medium(100–299), or large(≥300).",Total sample size,56,,,,,,"""medium""",[],0,0.0,0.0,/mnt/data1/srchowd3/FD-NL2SQL/methodv2/runs/question_table_copy_llm_naive_full_qwen30b/questions/row_350_For_Atezolizumab_trials_bucket_total_sample_size_as_small_100_medium_100_299_or_large_300,extra_prediction
row_350,350,"For Atezolizumab trials, bucket total sample size as small(<100), medium(100–299), or large(≥300).",Total sample size,57,,,,,,"""small""",[],0,0.0,0.0,/mnt/data1/srchowd3/FD-NL2SQL/methodv2/runs/question_table_copy_llm_naive_full_qwen30b/questions/row_350_For_Atezolizumab_trials_bucket_total_sample_size_as_small_100_medium_100_299_or_large_300,extra_prediction
row_350,350,"For Atezolizumab trials, bucket total sample size as small(<100), medium(100–299), or large(≥300).",Total sample size,58,,,,,,"""medium""",[],0,0.0,0.0,/mnt/data1/srchowd3/FD-NL2SQL/methodv2/runs/question_table_copy_llm_naive_full_qwen30b/questions/row_350_For_Atezolizumab_trials_bucket_total_sample_size_as_small_100_medium_100_299_or_large_300,extra_prediction
row_350,350,"For Atezolizumab trials, bucket total sample size as small(<100), medium(100–299), or large(≥300).",Total sample size,59,,,,,,"""large""",[],0,0.0,0.0,/mnt/data1/srchowd3/FD-NL2SQL/methodv2/runs/question_table_copy_llm_naive_full_qwen30b/questions/row_350_For_Atezolizumab_trials_bucket_total_sample_size_as_small_100_medium_100_299_or_large_300,extra_prediction
row_350,350,"For Atezolizumab trials, bucket total sample size as small(<100), medium(100–299), or large(≥300).",Total sample size,60,,,,,,"""large""",[],0,0.0,0.0,/mnt/data1/srchowd3/FD-NL2SQL/methodv2/runs/question_table_copy_llm_naive_full_qwen30b/questions/row_350_For_Atezolizumab_trials_bucket_total_sample_size_as_small_100_medium_100_299_or_large_300,extra_prediction
row_350,350,"For Atezolizumab trials, bucket total sample size as small(<100), medium(100–299), or large(≥300).",Total sample size,61,,,,,,"""medium""",[],0,0.0,0.0,/mnt/data1/srchowd3/FD-NL2SQL/methodv2/runs/question_table_copy_llm_naive_full_qwen30b/questions/row_350_For_Atezolizumab_trials_bucket_total_sample_size_as_small_100_medium_100_299_or_large_300,extra_prediction
row_350,350,"For Atezolizumab trials, bucket total sample size as small(<100), medium(100–299), or large(≥300).",Total sample size,62,,,,,,"""large""",[],0,0.0,0.0,/mnt/data1/srchowd3/FD-NL2SQL/methodv2/runs/question_table_copy_llm_naive_full_qwen30b/questions/row_350_For_Atezolizumab_trials_bucket_total_sample_size_as_small_100_medium_100_299_or_large_300,extra_prediction
row_350,350,"For Atezolizumab trials, bucket total sample size as small(<100), medium(100–299), or large(≥300).",Total sample size,63,,,,,,"""large""",[],0,0.0,0.0,/mnt/data1/srchowd3/FD-NL2SQL/methodv2/runs/question_table_copy_llm_naive_full_qwen30b/questions/row_350_For_Atezolizumab_trials_bucket_total_sample_size_as_small_100_medium_100_299_or_large_300,extra_prediction
row_350,350,"For Atezolizumab trials, bucket total sample size as small(<100), medium(100–299), or large(≥300).",Total sample size,64,,,,,,"""large""",[],0,0.0,0.0,/mnt/data1/srchowd3/FD-NL2SQL/methodv2/runs/question_table_copy_llm_naive_full_qwen30b/questions/row_350_For_Atezolizumab_trials_bucket_total_sample_size_as_small_100_medium_100_299_or_large_300,extra_prediction
row_350,350,"For Atezolizumab trials, bucket total sample size as small(<100), medium(100–299), or large(≥300).",Total sample size,65,,,,,,"""large""",[],0,0.0,0.0,/mnt/data1/srchowd3/FD-NL2SQL/methodv2/runs/question_table_copy_llm_naive_full_qwen30b/questions/row_350_For_Atezolizumab_trials_bucket_total_sample_size_as_small_100_medium_100_299_or_large_300,extra_prediction
row_350,350,"For Atezolizumab trials, bucket total sample size as small(<100), medium(100–299), or large(≥300).",Total sample size,66,,,,,,"""large""",[],0,0.0,0.0,/mnt/data1/srchowd3/FD-NL2SQL/methodv2/runs/question_table_copy_llm_naive_full_qwen30b/questions/row_350_For_Atezolizumab_trials_bucket_total_sample_size_as_small_100_medium_100_299_or_large_300,extra_prediction
row_350,350,"For Atezolizumab trials, bucket total sample size as small(<100), medium(100–299), or large(≥300).",Total sample size,67,,,,,,"""large""",[],0,0.0,0.0,/mnt/data1/srchowd3/FD-NL2SQL/methodv2/runs/question_table_copy_llm_naive_full_qwen30b/questions/row_350_For_Atezolizumab_trials_bucket_total_sample_size_as_small_100_medium_100_299_or_large_300,extra_prediction
row_350,350,"For Atezolizumab trials, bucket total sample size as small(<100), medium(100–299), or large(≥300).",Total sample size,68,,,,,,"""medium""",[],0,0.0,0.0,/mnt/data1/srchowd3/FD-NL2SQL/methodv2/runs/question_table_copy_llm_naive_full_qwen30b/questions/row_350_For_Atezolizumab_trials_bucket_total_sample_size_as_small_100_medium_100_299_or_large_300,extra_prediction
row_350,350,"For Atezolizumab trials, bucket total sample size as small(<100), medium(100–299), or large(≥300).",Total sample size,69,,,,,,"""medium""",[],0,0.0,0.0,/mnt/data1/srchowd3/FD-NL2SQL/methodv2/runs/question_table_copy_llm_naive_full_qwen30b/questions/row_350_For_Atezolizumab_trials_bucket_total_sample_size_as_small_100_medium_100_299_or_large_300,extra_prediction
row_350,350,"For Atezolizumab trials, bucket total sample size as small(<100), medium(100–299), or large(≥300).",Total sample size,70,,,,,,"""small""",[],0,0.0,0.0,/mnt/data1/srchowd3/FD-NL2SQL/methodv2/runs/question_table_copy_llm_naive_full_qwen30b/questions/row_350_For_Atezolizumab_trials_bucket_total_sample_size_as_small_100_medium_100_299_or_large_300,extra_prediction
row_350,350,"For Atezolizumab trials, bucket total sample size as small(<100), medium(100–299), or large(≥300).",Total sample size,71,,,,,,"""medium""",[],0,0.0,0.0,/mnt/data1/srchowd3/FD-NL2SQL/methodv2/runs/question_table_copy_llm_naive_full_qwen30b/questions/row_350_For_Atezolizumab_trials_bucket_total_sample_size_as_small_100_medium_100_299_or_large_300,extra_prediction
row_350,350,"For Atezolizumab trials, bucket total sample size as small(<100), medium(100–299), or large(≥300).",Total sample size,72,,,,,,"""medium""",[],0,0.0,0.0,/mnt/data1/srchowd3/FD-NL2SQL/methodv2/runs/question_table_copy_llm_naive_full_qwen30b/questions/row_350_For_Atezolizumab_trials_bucket_total_sample_size_as_small_100_medium_100_299_or_large_300,extra_prediction
row_350,350,"For Atezolizumab trials, bucket total sample size as small(<100), medium(100–299), or large(≥300).",Total sample size,73,,,,,,"""medium""",[],0,0.0,0.0,/mnt/data1/srchowd3/FD-NL2SQL/methodv2/runs/question_table_copy_llm_naive_full_qwen30b/questions/row_350_For_Atezolizumab_trials_bucket_total_sample_size_as_small_100_medium_100_299_or_large_300,extra_prediction
row_350,350,"For Atezolizumab trials, bucket total sample size as small(<100), medium(100–299), or large(≥300).",Total sample size,74,,,,,,"""medium""",[],0,0.0,0.0,/mnt/data1/srchowd3/FD-NL2SQL/methodv2/runs/question_table_copy_llm_naive_full_qwen30b/questions/row_350_For_Atezolizumab_trials_bucket_total_sample_size_as_small_100_medium_100_299_or_large_300,extra_prediction
row_350,350,"For Atezolizumab trials, bucket total sample size as small(<100), medium(100–299), or large(≥300).",Total sample size,75,,,,,,"""medium""",[],0,0.0,0.0,/mnt/data1/srchowd3/FD-NL2SQL/methodv2/runs/question_table_copy_llm_naive_full_qwen30b/questions/row_350_For_Atezolizumab_trials_bucket_total_sample_size_as_small_100_medium_100_299_or_large_300,extra_prediction
row_350,350,"For Atezolizumab trials, bucket total sample size as small(<100), medium(100–299), or large(≥300).",Total sample size,76,,,,,,"""medium""",[],0,0.0,0.0,/mnt/data1/srchowd3/FD-NL2SQL/methodv2/runs/question_table_copy_llm_naive_full_qwen30b/questions/row_350_For_Atezolizumab_trials_bucket_total_sample_size_as_small_100_medium_100_299_or_large_300,extra_prediction
row_350,350,"For Atezolizumab trials, bucket total sample size as small(<100), medium(100–299), or large(≥300).",Total sample size,77,,,,,,"""medium""",[],0,0.0,0.0,/mnt/data1/srchowd3/FD-NL2SQL/methodv2/runs/question_table_copy_llm_naive_full_qwen30b/questions/row_350_For_Atezolizumab_trials_bucket_total_sample_size_as_small_100_medium_100_299_or_large_300,extra_prediction
row_350,350,"For Atezolizumab trials, bucket total sample size as small(<100), medium(100–299), or large(≥300).",Total sample size,78,,,,,,"""medium""",[],0,0.0,0.0,/mnt/data1/srchowd3/FD-NL2SQL/methodv2/runs/question_table_copy_llm_naive_full_qwen30b/questions/row_350_For_Atezolizumab_trials_bucket_total_sample_size_as_small_100_medium_100_299_or_large_300,extra_prediction
row_350,350,"For Atezolizumab trials, bucket total sample size as small(<100), medium(100–299), or large(≥300).",Total sample size,79,,,,,,"""medium""",[],0,0.0,0.0,/mnt/data1/srchowd3/FD-NL2SQL/methodv2/runs/question_table_copy_llm_naive_full_qwen30b/questions/row_350_For_Atezolizumab_trials_bucket_total_sample_size_as_small_100_medium_100_299_or_large_300,extra_prediction
row_350,350,"For Atezolizumab trials, bucket total sample size as small(<100), medium(100–299), or large(≥300).",Total sample size,80,,,,,,"""medium""",[],0,0.0,0.0,/mnt/data1/srchowd3/FD-NL2SQL/methodv2/runs/question_table_copy_llm_naive_full_qwen30b/questions/row_350_For_Atezolizumab_trials_bucket_total_sample_size_as_small_100_medium_100_299_or_large_300,extra_prediction
row_350,350,"For Atezolizumab trials, bucket total sample size as small(<100), medium(100–299), or large(≥300).",Total sample size,81,,,,,,"""medium""",[],0,0.0,0.0,/mnt/data1/srchowd3/FD-NL2SQL/methodv2/runs/question_table_copy_llm_naive_full_qwen30b/questions/row_350_For_Atezolizumab_trials_bucket_total_sample_size_as_small_100_medium_100_299_or_large_300,extra_prediction
row_350,350,"For Atezolizumab trials, bucket total sample size as small(<100), medium(100–299), or large(≥300).",Total sample size,82,,,,,,"""large""",[],0,0.0,0.0,/mnt/data1/srchowd3/FD-NL2SQL/methodv2/runs/question_table_copy_llm_naive_full_qwen30b/questions/row_350_For_Atezolizumab_trials_bucket_total_sample_size_as_small_100_medium_100_299_or_large_300,extra_prediction
row_350,350,"For Atezolizumab trials, bucket total sample size as small(<100), medium(100–299), or large(≥300).",Total sample size,83,,,,,,"""large""",[],0,0.0,0.0,/mnt/data1/srchowd3/FD-NL2SQL/methodv2/runs/question_table_copy_llm_naive_full_qwen30b/questions/row_350_For_Atezolizumab_trials_bucket_total_sample_size_as_small_100_medium_100_299_or_large_300,extra_prediction
row_350,350,"For Atezolizumab trials, bucket total sample size as small(<100), medium(100–299), or large(≥300).",Total sample size,84,,,,,,"""large""",[],0,0.0,0.0,/mnt/data1/srchowd3/FD-NL2SQL/methodv2/runs/question_table_copy_llm_naive_full_qwen30b/questions/row_350_For_Atezolizumab_trials_bucket_total_sample_size_as_small_100_medium_100_299_or_large_300,extra_prediction
row_350,350,"For Atezolizumab trials, bucket total sample size as small(<100), medium(100–299), or large(≥300).",Total sample size,85,,,,,,"""large""",[],0,0.0,0.0,/mnt/data1/srchowd3/FD-NL2SQL/methodv2/runs/question_table_copy_llm_naive_full_qwen30b/questions/row_350_For_Atezolizumab_trials_bucket_total_sample_size_as_small_100_medium_100_299_or_large_300,extra_prediction
row_350,350,"For Atezolizumab trials, bucket total sample size as small(<100), medium(100–299), or large(≥300).",Total sample size,86,,,,,,"""large""",[],0,0.0,0.0,/mnt/data1/srchowd3/FD-NL2SQL/methodv2/runs/question_table_copy_llm_naive_full_qwen30b/questions/row_350_For_Atezolizumab_trials_bucket_total_sample_size_as_small_100_medium_100_299_or_large_300,extra_prediction
row_350,350,"For Atezolizumab trials, bucket total sample size as small(<100), medium(100–299), or large(≥300).",Total sample size,87,,,,,,"""medium""",[],0,0.0,0.0,/mnt/data1/srchowd3/FD-NL2SQL/methodv2/runs/question_table_copy_llm_naive_full_qwen30b/questions/row_350_For_Atezolizumab_trials_bucket_total_sample_size_as_small_100_medium_100_299_or_large_300,extra_prediction
row_350,350,"For Atezolizumab trials, bucket total sample size as small(<100), medium(100–299), or large(≥300).",Total sample size,88,,,,,,"""small""",[],0,0.0,0.0,/mnt/data1/srchowd3/FD-NL2SQL/methodv2/runs/question_table_copy_llm_naive_full_qwen30b/questions/row_350_For_Atezolizumab_trials_bucket_total_sample_size_as_small_100_medium_100_299_or_large_300,extra_prediction
row_350,350,"For Atezolizumab trials, bucket total sample size as small(<100), medium(100–299), or large(≥300).",Total sample size,89,,,,,,"""medium""",[],0,0.0,0.0,/mnt/data1/srchowd3/FD-NL2SQL/methodv2/runs/question_table_copy_llm_naive_full_qwen30b/questions/row_350_For_Atezolizumab_trials_bucket_total_sample_size_as_small_100_medium_100_299_or_large_300,extra_prediction
row_350,350,"For Atezolizumab trials, bucket total sample size as small(<100), medium(100–299), or large(≥300).",Total sample size,90,,,,,,"""medium""",[],0,0.0,0.0,/mnt/data1/srchowd3/FD-NL2SQL/methodv2/runs/question_table_copy_llm_naive_full_qwen30b/questions/row_350_For_Atezolizumab_trials_bucket_total_sample_size_as_small_100_medium_100_299_or_large_300,extra_prediction
row_350,350,"For Atezolizumab trials, bucket total sample size as small(<100), medium(100–299), or large(≥300).",Total sample size,91,,,,,,"""medium""",[],0,0.0,0.0,/mnt/data1/srchowd3/FD-NL2SQL/methodv2/runs/question_table_copy_llm_naive_full_qwen30b/questions/row_350_For_Atezolizumab_trials_bucket_total_sample_size_as_small_100_medium_100_299_or_large_300,extra_prediction
row_350,350,"For Atezolizumab trials, bucket total sample size as small(<100), medium(100–299), or large(≥300).",Total sample size,92,,,,,,"""large""",[],0,0.0,0.0,/mnt/data1/srchowd3/FD-NL2SQL/methodv2/runs/question_table_copy_llm_naive_full_qwen30b/questions/row_350_For_Atezolizumab_trials_bucket_total_sample_size_as_small_100_medium_100_299_or_large_300,extra_prediction
row_350,350,"For Atezolizumab trials, bucket total sample size as small(<100), medium(100–299), or large(≥300).",Total sample size,93,,,,,,"""large""",[],0,0.0,0.0,/mnt/data1/srchowd3/FD-NL2SQL/methodv2/runs/question_table_copy_llm_naive_full_qwen30b/questions/row_350_For_Atezolizumab_trials_bucket_total_sample_size_as_small_100_medium_100_299_or_large_300,extra_prediction
row_350,350,"For Atezolizumab trials, bucket total sample size as small(<100), medium(100–299), or large(≥300).",Total sample size,94,,,,,,"""large""",[],0,0.0,0.0,/mnt/data1/srchowd3/FD-NL2SQL/methodv2/runs/question_table_copy_llm_naive_full_qwen30b/questions/row_350_For_Atezolizumab_trials_bucket_total_sample_size_as_small_100_medium_100_299_or_large_300,extra_prediction
row_350,350,"For Atezolizumab trials, bucket total sample size as small(<100), medium(100–299), or large(≥300).",Total sample size,95,,,,,,"""small""",[],0,0.0,0.0,/mnt/data1/srchowd3/FD-NL2SQL/methodv2/runs/question_table_copy_llm_naive_full_qwen30b/questions/row_350_For_Atezolizumab_trials_bucket_total_sample_size_as_small_100_medium_100_299_or_large_300,extra_prediction
row_350,350,"For Atezolizumab trials, bucket total sample size as small(<100), medium(100–299), or large(≥300).",Total sample size,96,,,,,,"""small""",[],0,0.0,0.0,/mnt/data1/srchowd3/FD-NL2SQL/methodv2/runs/question_table_copy_llm_naive_full_qwen30b/questions/row_350_For_Atezolizumab_trials_bucket_total_sample_size_as_small_100_medium_100_299_or_large_300,extra_prediction
row_350,350,"For Atezolizumab trials, bucket total sample size as small(<100), medium(100–299), or large(≥300).",Total sample size,97,,,,,,"""small""",[],0,0.0,0.0,/mnt/data1/srchowd3/FD-NL2SQL/methodv2/runs/question_table_copy_llm_naive_full_qwen30b/questions/row_350_For_Atezolizumab_trials_bucket_total_sample_size_as_small_100_medium_100_299_or_large_300,extra_prediction
row_350,350,"For Atezolizumab trials, bucket total sample size as small(<100), medium(100–299), or large(≥300).",Total sample size,98,,,,,,"""medium""",[],0,0.0,0.0,/mnt/data1/srchowd3/FD-NL2SQL/methodv2/runs/question_table_copy_llm_naive_full_qwen30b/questions/row_350_For_Atezolizumab_trials_bucket_total_sample_size_as_small_100_medium_100_299_or_large_300,extra_prediction
row_350,350,"For Atezolizumab trials, bucket total sample size as small(<100), medium(100–299), or large(≥300).",Total sample size,99,,,,,,"""large""",[],0,0.0,0.0,/mnt/data1/srchowd3/FD-NL2SQL/methodv2/runs/question_table_copy_llm_naive_full_qwen30b/questions/row_350_For_Atezolizumab_trials_bucket_total_sample_size_as_small_100_medium_100_299_or_large_300,extra_prediction
row_350,350,"For Atezolizumab trials, bucket total sample size as small(<100), medium(100–299), or large(≥300).",Total sample size,100,,,,,,"""large""",[],0,0.0,0.0,/mnt/data1/srchowd3/FD-NL2SQL/methodv2/runs/question_table_copy_llm_naive_full_qwen30b/questions/row_350_For_Atezolizumab_trials_bucket_total_sample_size_as_small_100_medium_100_299_or_large_300,extra_prediction
row_350,350,"For Atezolizumab trials, bucket total sample size as small(<100), medium(100–299), or large(≥300).",Total sample size,101,,,,,,"""large""",[],0,0.0,0.0,/mnt/data1/srchowd3/FD-NL2SQL/methodv2/runs/question_table_copy_llm_naive_full_qwen30b/questions/row_350_For_Atezolizumab_trials_bucket_total_sample_size_as_small_100_medium_100_299_or_large_300,extra_prediction
row_350,350,"For Atezolizumab trials, bucket total sample size as small(<100), medium(100–299), or large(≥300).",Total sample size,102,,,,,,"""large""",[],0,0.0,0.0,/mnt/data1/srchowd3/FD-NL2SQL/methodv2/runs/question_table_copy_llm_naive_full_qwen30b/questions/row_350_For_Atezolizumab_trials_bucket_total_sample_size_as_small_100_medium_100_299_or_large_300,extra_prediction
row_350,350,"For Atezolizumab trials, bucket total sample size as small(<100), medium(100–299), or large(≥300).",Total sample size,103,,,,,,"""large""",[],0,0.0,0.0,/mnt/data1/srchowd3/FD-NL2SQL/methodv2/runs/question_table_copy_llm_naive_full_qwen30b/questions/row_350_For_Atezolizumab_trials_bucket_total_sample_size_as_small_100_medium_100_299_or_large_300,extra_prediction
row_350,350,"For Atezolizumab trials, bucket total sample size as small(<100), medium(100–299), or large(≥300).",Total sample size,104,,,,,,"""medium""",[],0,0.0,0.0,/mnt/data1/srchowd3/FD-NL2SQL/methodv2/runs/question_table_copy_llm_naive_full_qwen30b/questions/row_350_For_Atezolizumab_trials_bucket_total_sample_size_as_small_100_medium_100_299_or_large_300,extra_prediction
row_350,350,"For Atezolizumab trials, bucket total sample size as small(<100), medium(100–299), or large(≥300).",Total sample size,105,,,,,,"""medium""",[],0,0.0,0.0,/mnt/data1/srchowd3/FD-NL2SQL/methodv2/runs/question_table_copy_llm_naive_full_qwen30b/questions/row_350_For_Atezolizumab_trials_bucket_total_sample_size_as_small_100_medium_100_299_or_large_300,extra_prediction
row_350,350,"For Atezolizumab trials, bucket total sample size as small(<100), medium(100–299), or large(≥300).",Total sample size,106,,,,,,"""small""",[],0,0.0,0.0,/mnt/data1/srchowd3/FD-NL2SQL/methodv2/runs/question_table_copy_llm_naive_full_qwen30b/questions/row_350_For_Atezolizumab_trials_bucket_total_sample_size_as_small_100_medium_100_299_or_large_300,extra_prediction
row_350,350,"For Atezolizumab trials, bucket total sample size as small(<100), medium(100–299), or large(≥300).",Total sample size,107,,,,,,"""large""",[],0,0.0,0.0,/mnt/data1/srchowd3/FD-NL2SQL/methodv2/runs/question_table_copy_llm_naive_full_qwen30b/questions/row_350_For_Atezolizumab_trials_bucket_total_sample_size_as_small_100_medium_100_299_or_large_300,extra_prediction
row_350,350,"For Atezolizumab trials, bucket total sample size as small(<100), medium(100–299), or large(≥300).",Total sample size,108,,,,,,"""large""",[],0,0.0,0.0,/mnt/data1/srchowd3/FD-NL2SQL/methodv2/runs/question_table_copy_llm_naive_full_qwen30b/questions/row_350_For_Atezolizumab_trials_bucket_total_sample_size_as_small_100_medium_100_299_or_large_300,extra_prediction
row_350,350,"For Atezolizumab trials, bucket total sample size as small(<100), medium(100–299), or large(≥300).",Total sample size,109,,,,,,"""medium""",[],0,0.0,0.0,/mnt/data1/srchowd3/FD-NL2SQL/methodv2/runs/question_table_copy_llm_naive_full_qwen30b/questions/row_350_For_Atezolizumab_trials_bucket_total_sample_size_as_small_100_medium_100_299_or_large_300,extra_prediction
row_350,350,"For Atezolizumab trials, bucket total sample size as small(<100), medium(100–299), or large(≥300).",Total sample size,110,,,,,,"""large""",[],0,0.0,0.0,/mnt/data1/srchowd3/FD-NL2SQL/methodv2/runs/question_table_copy_llm_naive_full_qwen30b/questions/row_350_For_Atezolizumab_trials_bucket_total_sample_size_as_small_100_medium_100_299_or_large_300,extra_prediction
row_350,350,"For Atezolizumab trials, bucket total sample size as small(<100), medium(100–299), or large(≥300).",Total sample size,111,,,,,,"""large""",[],0,0.0,0.0,/mnt/data1/srchowd3/FD-NL2SQL/methodv2/runs/question_table_copy_llm_naive_full_qwen30b/questions/row_350_For_Atezolizumab_trials_bucket_total_sample_size_as_small_100_medium_100_299_or_large_300,extra_prediction
row_350,350,"For Atezolizumab trials, bucket total sample size as small(<100), medium(100–299), or large(≥300).",Total sample size,112,,,,,,"""medium""",[],0,0.0,0.0,/mnt/data1/srchowd3/FD-NL2SQL/methodv2/runs/question_table_copy_llm_naive_full_qwen30b/questions/row_350_For_Atezolizumab_trials_bucket_total_sample_size_as_small_100_medium_100_299_or_large_300,extra_prediction
row_350,350,"For Atezolizumab trials, bucket total sample size as small(<100), medium(100–299), or large(≥300).",Total sample size,113,,,,,,"""small""",[],0,0.0,0.0,/mnt/data1/srchowd3/FD-NL2SQL/methodv2/runs/question_table_copy_llm_naive_full_qwen30b/questions/row_350_For_Atezolizumab_trials_bucket_total_sample_size_as_small_100_medium_100_299_or_large_300,extra_prediction
row_350,350,"For Atezolizumab trials, bucket total sample size as small(<100), medium(100–299), or large(≥300).",Total sample size,114,,,,,,"""large""",[],0,0.0,0.0,/mnt/data1/srchowd3/FD-NL2SQL/methodv2/runs/question_table_copy_llm_naive_full_qwen30b/questions/row_350_For_Atezolizumab_trials_bucket_total_sample_size_as_small_100_medium_100_299_or_large_300,extra_prediction
row_350,350,"For Atezolizumab trials, bucket total sample size as small(<100), medium(100–299), or large(≥300).",Total sample size,115,,,,,,"""large""",[],0,0.0,0.0,/mnt/data1/srchowd3/FD-NL2SQL/methodv2/runs/question_table_copy_llm_naive_full_qwen30b/questions/row_350_For_Atezolizumab_trials_bucket_total_sample_size_as_small_100_medium_100_299_or_large_300,extra_prediction
row_350,350,"For Atezolizumab trials, bucket total sample size as small(<100), medium(100–299), or large(≥300).",Total sample size,116,,,,,,"""medium""",[],0,0.0,0.0,/mnt/data1/srchowd3/FD-NL2SQL/methodv2/runs/question_table_copy_llm_naive_full_qwen30b/questions/row_350_For_Atezolizumab_trials_bucket_total_sample_size_as_small_100_medium_100_299_or_large_300,extra_prediction
row_350,350,"For Atezolizumab trials, bucket total sample size as small(<100), medium(100–299), or large(≥300).",Total sample size,117,,,,,,"""large""",[],0,0.0,0.0,/mnt/data1/srchowd3/FD-NL2SQL/methodv2/runs/question_table_copy_llm_naive_full_qwen30b/questions/row_350_For_Atezolizumab_trials_bucket_total_sample_size_as_small_100_medium_100_299_or_large_300,extra_prediction
row_350,350,"For Atezolizumab trials, bucket total sample size as small(<100), medium(100–299), or large(≥300).",Total sample size,118,,,,,,"""large""",[],0,0.0,0.0,/mnt/data1/srchowd3/FD-NL2SQL/methodv2/runs/question_table_copy_llm_naive_full_qwen30b/questions/row_350_For_Atezolizumab_trials_bucket_total_sample_size_as_small_100_medium_100_299_or_large_300,extra_prediction
row_350,350,"For Atezolizumab trials, bucket total sample size as small(<100), medium(100–299), or large(≥300).",Total sample size,119,,,,,,"""small""",[],0,0.0,0.0,/mnt/data1/srchowd3/FD-NL2SQL/methodv2/runs/question_table_copy_llm_naive_full_qwen30b/questions/row_350_For_Atezolizumab_trials_bucket_total_sample_size_as_small_100_medium_100_299_or_large_300,extra_prediction
row_350,350,"For Atezolizumab trials, bucket total sample size as small(<100), medium(100–299), or large(≥300).",Total sample size,120,,,,,,"""large""",[],0,0.0,0.0,/mnt/data1/srchowd3/FD-NL2SQL/methodv2/runs/question_table_copy_llm_naive_full_qwen30b/questions/row_350_For_Atezolizumab_trials_bucket_total_sample_size_as_small_100_medium_100_299_or_large_300,extra_prediction
row_350,350,"For Atezolizumab trials, bucket total sample size as small(<100), medium(100–299), or large(≥300).",Total sample size,121,,,,,,"""large""",[],0,0.0,0.0,/mnt/data1/srchowd3/FD-NL2SQL/methodv2/runs/question_table_copy_llm_naive_full_qwen30b/questions/row_350_For_Atezolizumab_trials_bucket_total_sample_size_as_small_100_medium_100_299_or_large_300,extra_prediction
row_350,350,"For Atezolizumab trials, bucket total sample size as small(<100), medium(100–299), or large(≥300).",Total sample size,122,,,,,,"""large""",[],0,0.0,0.0,/mnt/data1/srchowd3/FD-NL2SQL/methodv2/runs/question_table_copy_llm_naive_full_qwen30b/questions/row_350_For_Atezolizumab_trials_bucket_total_sample_size_as_small_100_medium_100_299_or_large_300,extra_prediction
row_350,350,"For Atezolizumab trials, bucket total sample size as small(<100), medium(100–299), or large(≥300).",Total sample size,123,,,,,,"""large""",[],0,0.0,0.0,/mnt/data1/srchowd3/FD-NL2SQL/methodv2/runs/question_table_copy_llm_naive_full_qwen30b/questions/row_350_For_Atezolizumab_trials_bucket_total_sample_size_as_small_100_medium_100_299_or_large_300,extra_prediction
row_350,350,"For Atezolizumab trials, bucket total sample size as small(<100), medium(100–299), or large(≥300).",Total sample size,124,,,,,,"""large""",[],0,0.0,0.0,/mnt/data1/srchowd3/FD-NL2SQL/methodv2/runs/question_table_copy_llm_naive_full_qwen30b/questions/row_350_For_Atezolizumab_trials_bucket_total_sample_size_as_small_100_medium_100_299_or_large_300,extra_prediction
row_350,350,"For Atezolizumab trials, bucket total sample size as small(<100), medium(100–299), or large(≥300).",Total sample size,125,,,,,,"""medium""",[],0,0.0,0.0,/mnt/data1/srchowd3/FD-NL2SQL/methodv2/runs/question_table_copy_llm_naive_full_qwen30b/questions/row_350_For_Atezolizumab_trials_bucket_total_sample_size_as_small_100_medium_100_299_or_large_300,extra_prediction
row_350,350,"For Atezolizumab trials, bucket total sample size as small(<100), medium(100–299), or large(≥300).",Total sample size,126,,,,,,"""large""",[],0,0.0,0.0,/mnt/data1/srchowd3/FD-NL2SQL/methodv2/runs/question_table_copy_llm_naive_full_qwen30b/questions/row_350_For_Atezolizumab_trials_bucket_total_sample_size_as_small_100_medium_100_299_or_large_300,extra_prediction
row_350,350,"For Atezolizumab trials, bucket total sample size as small(<100), medium(100–299), or large(≥300).",Total sample size,127,,,,,,"""medium""",[],0,0.0,0.0,/mnt/data1/srchowd3/FD-NL2SQL/methodv2/runs/question_table_copy_llm_naive_full_qwen30b/questions/row_350_For_Atezolizumab_trials_bucket_total_sample_size_as_small_100_medium_100_299_or_large_300,extra_prediction
row_350,350,"For Atezolizumab trials, bucket total sample size as small(<100), medium(100–299), or large(≥300).",Total sample size,128,,,,,,"""large""",[],0,0.0,0.0,/mnt/data1/srchowd3/FD-NL2SQL/methodv2/runs/question_table_copy_llm_naive_full_qwen30b/questions/row_350_For_Atezolizumab_trials_bucket_total_sample_size_as_small_100_medium_100_299_or_large_300,extra_prediction
row_350,350,"For Atezolizumab trials, bucket total sample size as small(<100), medium(100–299), or large(≥300).",Total sample size,129,,,,,,"""medium""",[],0,0.0,0.0,/mnt/data1/srchowd3/FD-NL2SQL/methodv2/runs/question_table_copy_llm_naive_full_qwen30b/questions/row_350_For_Atezolizumab_trials_bucket_total_sample_size_as_small_100_medium_100_299_or_large_300,extra_prediction
row_350,350,"For Atezolizumab trials, bucket total sample size as small(<100), medium(100–299), or large(≥300).",Total sample size,130,,,,,,"""medium""",[],0,0.0,0.0,/mnt/data1/srchowd3/FD-NL2SQL/methodv2/runs/question_table_copy_llm_naive_full_qwen30b/questions/row_350_For_Atezolizumab_trials_bucket_total_sample_size_as_small_100_medium_100_299_or_large_300,extra_prediction
row_350,350,"For Atezolizumab trials, bucket total sample size as small(<100), medium(100–299), or large(≥300).",Total sample size,131,,,,,,"""large""",[],0,0.0,0.0,/mnt/data1/srchowd3/FD-NL2SQL/methodv2/runs/question_table_copy_llm_naive_full_qwen30b/questions/row_350_For_Atezolizumab_trials_bucket_total_sample_size_as_small_100_medium_100_299_or_large_300,extra_prediction
row_350,350,"For Atezolizumab trials, bucket total sample size as small(<100), medium(100–299), or large(≥300).",Total sample size,132,,,,,,"""large""",[],0,0.0,0.0,/mnt/data1/srchowd3/FD-NL2SQL/methodv2/runs/question_table_copy_llm_naive_full_qwen30b/questions/row_350_For_Atezolizumab_trials_bucket_total_sample_size_as_small_100_medium_100_299_or_large_300,extra_prediction
row_350,350,"For Atezolizumab trials, bucket total sample size as small(<100), medium(100–299), or large(≥300).",Total sample size,133,,,,,,"""medium""",[],0,0.0,0.0,/mnt/data1/srchowd3/FD-NL2SQL/methodv2/runs/question_table_copy_llm_naive_full_qwen30b/questions/row_350_For_Atezolizumab_trials_bucket_total_sample_size_as_small_100_medium_100_299_or_large_300,extra_prediction
row_350,350,"For Atezolizumab trials, bucket total sample size as small(<100), medium(100–299), or large(≥300).",Total sample size,134,,,,,,"""medium""",[],0,0.0,0.0,/mnt/data1/srchowd3/FD-NL2SQL/methodv2/runs/question_table_copy_llm_naive_full_qwen30b/questions/row_350_For_Atezolizumab_trials_bucket_total_sample_size_as_small_100_medium_100_299_or_large_300,extra_prediction
row_350,350,"For Atezolizumab trials, bucket total sample size as small(<100), medium(100–299), or large(≥300).",Total sample size,135,,,,,,"""medium""",[],0,0.0,0.0,/mnt/data1/srchowd3/FD-NL2SQL/methodv2/runs/question_table_copy_llm_naive_full_qwen30b/questions/row_350_For_Atezolizumab_trials_bucket_total_sample_size_as_small_100_medium_100_299_or_large_300,extra_prediction
row_350,350,"For Atezolizumab trials, bucket total sample size as small(<100), medium(100–299), or large(≥300).",Total sample size,136,,,,,,"""small""",[],0,0.0,0.0,/mnt/data1/srchowd3/FD-NL2SQL/methodv2/runs/question_table_copy_llm_naive_full_qwen30b/questions/row_350_For_Atezolizumab_trials_bucket_total_sample_size_as_small_100_medium_100_299_or_large_300,extra_prediction
row_350,350,"For Atezolizumab trials, bucket total sample size as small(<100), medium(100–299), or large(≥300).",Total sample size,137,,,,,,"""large""",[],0,0.0,0.0,/mnt/data1/srchowd3/FD-NL2SQL/methodv2/runs/question_table_copy_llm_naive_full_qwen30b/questions/row_350_For_Atezolizumab_trials_bucket_total_sample_size_as_small_100_medium_100_299_or_large_300,extra_prediction
row_350,350,"For Atezolizumab trials, bucket total sample size as small(<100), medium(100–299), or large(≥300).",Total sample size,138,,,,,,"""large""",[],0,0.0,0.0,/mnt/data1/srchowd3/FD-NL2SQL/methodv2/runs/question_table_copy_llm_naive_full_qwen30b/questions/row_350_For_Atezolizumab_trials_bucket_total_sample_size_as_small_100_medium_100_299_or_large_300,extra_prediction
row_350,350,"For Atezolizumab trials, bucket total sample size as small(<100), medium(100–299), or large(≥300).",Total sample size,139,,,,,,"""medium""",[],0,0.0,0.0,/mnt/data1/srchowd3/FD-NL2SQL/methodv2/runs/question_table_copy_llm_naive_full_qwen30b/questions/row_350_For_Atezolizumab_trials_bucket_total_sample_size_as_small_100_medium_100_299_or_large_300,extra_prediction
row_350,350,"For Atezolizumab trials, bucket total sample size as small(<100), medium(100–299), or large(≥300).",Total sample size,140,,,,,,"""small""",[],0,0.0,0.0,/mnt/data1/srchowd3/FD-NL2SQL/methodv2/runs/question_table_copy_llm_naive_full_qwen30b/questions/row_350_For_Atezolizumab_trials_bucket_total_sample_size_as_small_100_medium_100_299_or_large_300,extra_prediction
row_350,350,"For Atezolizumab trials, bucket total sample size as small(<100), medium(100–299), or large(≥300).",Total sample size,141,,,,,,"""large""",[],0,0.0,0.0,/mnt/data1/srchowd3/FD-NL2SQL/methodv2/runs/question_table_copy_llm_naive_full_qwen30b/questions/row_350_For_Atezolizumab_trials_bucket_total_sample_size_as_small_100_medium_100_299_or_large_300,extra_prediction
row_350,350,"For Atezolizumab trials, bucket total sample size as small(<100), medium(100–299), or large(≥300).",Total sample size,142,,,,,,"""large""",[],0,0.0,0.0,/mnt/data1/srchowd3/FD-NL2SQL/methodv2/runs/question_table_copy_llm_naive_full_qwen30b/questions/row_350_For_Atezolizumab_trials_bucket_total_sample_size_as_small_100_medium_100_299_or_large_300,extra_prediction
row_350,350,"For Atezolizumab trials, bucket total sample size as small(<100), medium(100–299), or large(≥300).",Total sample size,143,,,,,,"""medium""",[],0,0.0,0.0,/mnt/data1/srchowd3/FD-NL2SQL/methodv2/runs/question_table_copy_llm_naive_full_qwen30b/questions/row_350_For_Atezolizumab_trials_bucket_total_sample_size_as_small_100_medium_100_299_or_large_300,extra_prediction
row_350,350,"For Atezolizumab trials, bucket total sample size as small(<100), medium(100–299), or large(≥300).",Total sample size,144,,,,,,"""large""",[],0,0.0,0.0,/mnt/data1/srchowd3/FD-NL2SQL/methodv2/runs/question_table_copy_llm_naive_full_qwen30b/questions/row_350_For_Atezolizumab_trials_bucket_total_sample_size_as_small_100_medium_100_299_or_large_300,extra_prediction
row_350,350,"For Atezolizumab trials, bucket total sample size as small(<100), medium(100–299), or large(≥300).",Total sample size,145,,,,,,"""large""",[],0,0.0,0.0,/mnt/data1/srchowd3/FD-NL2SQL/methodv2/runs/question_table_copy_llm_naive_full_qwen30b/questions/row_350_For_Atezolizumab_trials_bucket_total_sample_size_as_small_100_medium_100_299_or_large_300,extra_prediction
row_350,350,"For Atezolizumab trials, bucket total sample size as small(<100), medium(100–299), or large(≥300).",Total sample size,146,,,,,,"""large""",[],0,0.0,0.0,/mnt/data1/srchowd3/FD-NL2SQL/methodv2/runs/question_table_copy_llm_naive_full_qwen30b/questions/row_350_For_Atezolizumab_trials_bucket_total_sample_size_as_small_100_medium_100_299_or_large_300,extra_prediction
row_350,350,"For Atezolizumab trials, bucket total sample size as small(<100), medium(100–299), or large(≥300).",Total sample size,147,,,,,,"""medium""",[],0,0.0,0.0,/mnt/data1/srchowd3/FD-NL2SQL/methodv2/runs/question_table_copy_llm_naive_full_qwen30b/questions/row_350_For_Atezolizumab_trials_bucket_total_sample_size_as_small_100_medium_100_299_or_large_300,extra_prediction
row_350,350,"For Atezolizumab trials, bucket total sample size as small(<100), medium(100–299), or large(≥300).",Total sample size,148,,,,,,"""large""",[],0,0.0,0.0,/mnt/data1/srchowd3/FD-NL2SQL/methodv2/runs/question_table_copy_llm_naive_full_qwen30b/questions/row_350_For_Atezolizumab_trials_bucket_total_sample_size_as_small_100_medium_100_299_or_large_300,extra_prediction
row_350,350,"For Atezolizumab trials, bucket total sample size as small(<100), medium(100–299), or large(≥300).",Total sample size,149,,,,,,"""large""",[],0,0.0,0.0,/mnt/data1/srchowd3/FD-NL2SQL/methodv2/runs/question_table_copy_llm_naive_full_qwen30b/questions/row_350_For_Atezolizumab_trials_bucket_total_sample_size_as_small_100_medium_100_299_or_large_300,extra_prediction
row_350,350,"For Atezolizumab trials, bucket total sample size as small(<100), medium(100–299), or large(≥300).",Total sample size,150,,,,,,"""large""",[],0,0.0,0.0,/mnt/data1/srchowd3/FD-NL2SQL/methodv2/runs/question_table_copy_llm_naive_full_qwen30b/questions/row_350_For_Atezolizumab_trials_bucket_total_sample_size_as_small_100_medium_100_299_or_large_300,extra_prediction
row_350,350,"For Atezolizumab trials, bucket total sample size as small(<100), medium(100–299), or large(≥300).",Total sample size,151,,,,,,"""medium""",[],0,0.0,0.0,/mnt/data1/srchowd3/FD-NL2SQL/methodv2/runs/question_table_copy_llm_naive_full_qwen30b/questions/row_350_For_Atezolizumab_trials_bucket_total_sample_size_as_small_100_medium_100_299_or_large_300,extra_prediction
row_350,350,"For Atezolizumab trials, bucket total sample size as small(<100), medium(100–299), or large(≥300).",Total sample size,152,,,,,,"""medium""",[],0,0.0,0.0,/mnt/data1/srchowd3/FD-NL2SQL/methodv2/runs/question_table_copy_llm_naive_full_qwen30b/questions/row_350_For_Atezolizumab_trials_bucket_total_sample_size_as_small_100_medium_100_299_or_large_300,extra_prediction
row_350,350,"For Atezolizumab trials, bucket total sample size as small(<100), medium(100–299), or large(≥300).",Total sample size,153,,,,,,"""large""",[],0,0.0,0.0,/mnt/data1/srchowd3/FD-NL2SQL/methodv2/runs/question_table_copy_llm_naive_full_qwen30b/questions/row_350_For_Atezolizumab_trials_bucket_total_sample_size_as_small_100_medium_100_299_or_large_300,extra_prediction
row_350,350,"For Atezolizumab trials, bucket total sample size as small(<100), medium(100–299), or large(≥300).",Total sample size,154,,,,,,"""medium""",[],0,0.0,0.0,/mnt/data1/srchowd3/FD-NL2SQL/methodv2/runs/question_table_copy_llm_naive_full_qwen30b/questions/row_350_For_Atezolizumab_trials_bucket_total_sample_size_as_small_100_medium_100_299_or_large_300,extra_prediction
row_350,350,"For Atezolizumab trials, bucket total sample size as small(<100), medium(100–299), or large(≥300).",Total sample size,155,,,,,,"""large""",[],0,0.0,0.0,/mnt/data1/srchowd3/FD-NL2SQL/methodv2/runs/question_table_copy_llm_naive_full_qwen30b/questions/row_350_For_Atezolizumab_trials_bucket_total_sample_size_as_small_100_medium_100_299_or_large_300,extra_prediction
row_350,350,"For Atezolizumab trials, bucket total sample size as small(<100), medium(100–299), or large(≥300).",Total sample size,156,,,,,,"""small""",[],0,0.0,0.0,/mnt/data1/srchowd3/FD-NL2SQL/methodv2/runs/question_table_copy_llm_naive_full_qwen30b/questions/row_350_For_Atezolizumab_trials_bucket_total_sample_size_as_small_100_medium_100_299_or_large_300,extra_prediction
row_350,350,"For Atezolizumab trials, bucket total sample size as small(<100), medium(100–299), or large(≥300).",Total sample size,157,,,,,,"""large""",[],0,0.0,0.0,/mnt/data1/srchowd3/FD-NL2SQL/methodv2/runs/question_table_copy_llm_naive_full_qwen30b/questions/row_350_For_Atezolizumab_trials_bucket_total_sample_size_as_small_100_medium_100_299_or_large_300,extra_prediction
row_350,350,"For Atezolizumab trials, bucket total sample size as small(<100), medium(100–299), or large(≥300).",Total sample size,158,,,,,,"""large""",[],0,0.0,0.0,/mnt/data1/srchowd3/FD-NL2SQL/methodv2/runs/question_table_copy_llm_naive_full_qwen30b/questions/row_350_For_Atezolizumab_trials_bucket_total_sample_size_as_small_100_medium_100_299_or_large_300,extra_prediction
row_350,350,"For Atezolizumab trials, bucket total sample size as small(<100), medium(100–299), or large(≥300).",Total sample size,159,,,,,,"""small""",[],0,0.0,0.0,/mnt/data1/srchowd3/FD-NL2SQL/methodv2/runs/question_table_copy_llm_naive_full_qwen30b/questions/row_350_For_Atezolizumab_trials_bucket_total_sample_size_as_small_100_medium_100_299_or_large_300,extra_prediction
