item_id,csv_row_number,question,column_used,table_row_id,NCT,PubMed ID,Trial name,source_value,actual_payload_json,predicted_answer_json,actual_values_json,row_selected,exact_match,match_any_value,question_dir
row_144,144,"In Non-Small Cell Lung trials, classify the ICI by target class from its generic name as PD-1, PD-L1, or CTLA-4.",Name of ICI,23,NCT00527735,22547592,,Ipilimumab,"{""class"": ""CTLA-4""}",null,"[""\""CTLA-4\"""", ""CTLA-4""]",0,0.0,0.0,/mnt/data1/srchowd3/FD-NL2SQL/methodv2/runs/question_table_copy_llm_naive_full_qwen30b/questions/row_144_In_Non_Small_Cell_Lung_trials_classify_the_ICI_by_target_class_from_its_generic_name_as_PD_1_PD_L1_or_CTLA_4
row_144,144,"In Non-Small Cell Lung trials, classify the ICI by target class from its generic name as PD-1, PD-L1, or CTLA-4.",Name of ICI,24,NCT00527735,22547592,,Ipilimumab,"{""class"": ""CTLA-4""}",null,"[""\""CTLA-4\"""", ""CTLA-4""]",0,0.0,0.0,/mnt/data1/srchowd3/FD-NL2SQL/methodv2/runs/question_table_copy_llm_naive_full_qwen30b/questions/row_144_In_Non_Small_Cell_Lung_trials_classify_the_ICI_by_target_class_from_its_generic_name_as_PD_1_PD_L1_or_CTLA_4
row_144,144,"In Non-Small Cell Lung trials, classify the ICI by target class from its generic name as PD-1, PD-L1, or CTLA-4.",Name of ICI,27,NCT01673867,26412456,Checkmate 057,Nivolumab,"{""class"": ""PD1""}",null,"[""\""PD1\"""", ""PD1""]",0,0.0,0.0,/mnt/data1/srchowd3/FD-NL2SQL/methodv2/runs/question_table_copy_llm_naive_full_qwen30b/questions/row_144_In_Non_Small_Cell_Lung_trials_classify_the_ICI_by_target_class_from_its_generic_name_as_PD_1_PD_L1_or_CTLA_4
row_144,144,"In Non-Small Cell Lung trials, classify the ICI by target class from its generic name as PD-1, PD-L1, or CTLA-4.",Name of ICI,28,NCT01642004,26028407,Checkmate 017,Nivolumab,"{""class"": ""PD1""}",null,"[""\""PD1\"""", ""PD1""]",0,0.0,0.0,/mnt/data1/srchowd3/FD-NL2SQL/methodv2/runs/question_table_copy_llm_naive_full_qwen30b/questions/row_144_In_Non_Small_Cell_Lung_trials_classify_the_ICI_by_target_class_from_its_generic_name_as_PD_1_PD_L1_or_CTLA_4
row_144,144,"In Non-Small Cell Lung trials, classify the ICI by target class from its generic name as PD-1, PD-L1, or CTLA-4.",Name of ICI,29,NCT01905657,26712084,Keynote-010,Pembrolizumab,"{""class"": ""PD1""}",null,"[""\""PD1\"""", ""PD1""]",0,0.0,0.0,/mnt/data1/srchowd3/FD-NL2SQL/methodv2/runs/question_table_copy_llm_naive_full_qwen30b/questions/row_144_In_Non_Small_Cell_Lung_trials_classify_the_ICI_by_target_class_from_its_generic_name_as_PD_1_PD_L1_or_CTLA_4
row_144,144,"In Non-Small Cell Lung trials, classify the ICI by target class from its generic name as PD-1, PD-L1, or CTLA-4.",Name of ICI,30,NCT01905657,26712084,Keynote-010,Pembrolizumab,"{""class"": ""PD1""}",null,"[""\""PD1\"""", ""PD1""]",0,0.0,0.0,/mnt/data1/srchowd3/FD-NL2SQL/methodv2/runs/question_table_copy_llm_naive_full_qwen30b/questions/row_144_In_Non_Small_Cell_Lung_trials_classify_the_ICI_by_target_class_from_its_generic_name_as_PD_1_PD_L1_or_CTLA_4
row_144,144,"In Non-Small Cell Lung trials, classify the ICI by target class from its generic name as PD-1, PD-L1, or CTLA-4.",Name of ICI,31,NCT01903993,26970723,POPLAR,Atezolizumab,"{""class"": ""PD-L1""}",null,"[""\""PD-L1\"""", ""PD-L1""]",0,0.0,0.0,/mnt/data1/srchowd3/FD-NL2SQL/methodv2/runs/question_table_copy_llm_naive_full_qwen30b/questions/row_144_In_Non_Small_Cell_Lung_trials_classify_the_ICI_by_target_class_from_its_generic_name_as_PD_1_PD_L1_or_CTLA_4
row_144,144,"In Non-Small Cell Lung trials, classify the ICI by target class from its generic name as PD-1, PD-L1, or CTLA-4.",Name of ICI,33,NCT02041533,28636851,Checkmate 026,Nivolumab,"{""class"": ""PD1""}",null,"[""\""PD1\"""", ""PD1""]",0,0.0,0.0,/mnt/data1/srchowd3/FD-NL2SQL/methodv2/runs/question_table_copy_llm_naive_full_qwen30b/questions/row_144_In_Non_Small_Cell_Lung_trials_classify_the_ICI_by_target_class_from_its_generic_name_as_PD_1_PD_L1_or_CTLA_4
row_144,144,"In Non-Small Cell Lung trials, classify the ICI by target class from its generic name as PD-1, PD-L1, or CTLA-4.",Name of ICI,34,NCT01285609,28854067,,Ipilimumab,"{""class"": ""CTLA-4""}",null,"[""\""CTLA-4\"""", ""CTLA-4""]",0,0.0,0.0,/mnt/data1/srchowd3/FD-NL2SQL/methodv2/runs/question_table_copy_llm_naive_full_qwen30b/questions/row_144_In_Non_Small_Cell_Lung_trials_classify_the_ICI_by_target_class_from_its_generic_name_as_PD_1_PD_L1_or_CTLA_4
row_144,144,"In Non-Small Cell Lung trials, classify the ICI by target class from its generic name as PD-1, PD-L1, or CTLA-4.",Name of ICI,35,NCT02125461,28885881,PACIFIC,Durvalumab,"{""class"": ""PD-L1""}",null,"[""\""PD-L1\"""", ""PD-L1""]",0,0.0,0.0,/mnt/data1/srchowd3/FD-NL2SQL/methodv2/runs/question_table_copy_llm_naive_full_qwen30b/questions/row_144_In_Non_Small_Cell_Lung_trials_classify_the_ICI_by_target_class_from_its_generic_name_as_PD_1_PD_L1_or_CTLA_4
row_144,144,"In Non-Small Cell Lung trials, classify the ICI by target class from its generic name as PD-1, PD-L1, or CTLA-4.",Name of ICI,36,NCT02125461,30280658,PACIFIC,Durvalumab,"{""class"": ""PD-L1""}",null,"[""\""PD-L1\"""", ""PD-L1""]",0,0.0,0.0,/mnt/data1/srchowd3/FD-NL2SQL/methodv2/runs/question_table_copy_llm_naive_full_qwen30b/questions/row_144_In_Non_Small_Cell_Lung_trials_classify_the_ICI_by_target_class_from_its_generic_name_as_PD_1_PD_L1_or_CTLA_4
row_144,144,"In Non-Small Cell Lung trials, classify the ICI by target class from its generic name as PD-1, PD-L1, or CTLA-4.",Name of ICI,37,NCT02395172,30262187,JAVELIN Lung 200,Atezolizumab,"{""class"": ""PD-L1""}",null,"[""\""PD-L1\"""", ""PD-L1""]",0,0.0,0.0,/mnt/data1/srchowd3/FD-NL2SQL/methodv2/runs/question_table_copy_llm_naive_full_qwen30b/questions/row_144_In_Non_Small_Cell_Lung_trials_classify_the_ICI_by_target_class_from_its_generic_name_as_PD_1_PD_L1_or_CTLA_4
row_144,144,"In Non-Small Cell Lung trials, classify the ICI by target class from its generic name as PD-1, PD-L1, or CTLA-4.",Name of ICI,38,NCT02039674,27745820,Keynote-021,Pembrolizumab,"{""class"": ""PD1""}",null,"[""\""PD1\"""", ""PD1""]",0,0.0,0.0,/mnt/data1/srchowd3/FD-NL2SQL/methodv2/runs/question_table_copy_llm_naive_full_qwen30b/questions/row_144_In_Non_Small_Cell_Lung_trials_classify_the_ICI_by_target_class_from_its_generic_name_as_PD_1_PD_L1_or_CTLA_4
row_144,144,"In Non-Small Cell Lung trials, classify the ICI by target class from its generic name as PD-1, PD-L1, or CTLA-4.",Name of ICI,39,NCT02039674,30138764,Keynote-021,Pembrolizumab,"{""class"": ""PD1""}",null,"[""\""PD1\"""", ""PD1""]",0,0.0,0.0,/mnt/data1/srchowd3/FD-NL2SQL/methodv2/runs/question_table_copy_llm_naive_full_qwen30b/questions/row_144_In_Non_Small_Cell_Lung_trials_classify_the_ICI_by_target_class_from_its_generic_name_as_PD_1_PD_L1_or_CTLA_4
row_144,144,"In Non-Small Cell Lung trials, classify the ICI by target class from its generic name as PD-1, PD-L1, or CTLA-4.",Name of ICI,40,NCT02008227,27979383,OAK,Atezolizumab,"{""class"": ""PD-L1""}",null,"[""\""PD-L1\"""", ""PD-L1""]",0,0.0,0.0,/mnt/data1/srchowd3/FD-NL2SQL/methodv2/runs/question_table_copy_llm_naive_full_qwen30b/questions/row_144_In_Non_Small_Cell_Lung_trials_classify_the_ICI_by_target_class_from_its_generic_name_as_PD_1_PD_L1_or_CTLA_4
row_144,144,"In Non-Small Cell Lung trials, classify the ICI by target class from its generic name as PD-1, PD-L1, or CTLA-4.",Name of ICI,41,NCT02008227,29777823,OAK,Atezolizumab,"{""class"": ""PD-L1""}",null,"[""\""PD-L1\"""", ""PD-L1""]",0,0.0,0.0,/mnt/data1/srchowd3/FD-NL2SQL/methodv2/runs/question_table_copy_llm_naive_full_qwen30b/questions/row_144_In_Non_Small_Cell_Lung_trials_classify_the_ICI_by_target_class_from_its_generic_name_as_PD_1_PD_L1_or_CTLA_4
row_144,144,"In Non-Small Cell Lung trials, classify the ICI by target class from its generic name as PD-1, PD-L1, or CTLA-4.",Name of ICI,42,NCT02578680,29658856,Keynote-189,Pembrolizumab,"{""class"": ""PD1""}",null,"[""\""PD1\"""", ""PD1""]",0,0.0,0.0,/mnt/data1/srchowd3/FD-NL2SQL/methodv2/runs/question_table_copy_llm_naive_full_qwen30b/questions/row_144_In_Non_Small_Cell_Lung_trials_classify_the_ICI_by_target_class_from_its_generic_name_as_PD_1_PD_L1_or_CTLA_4
row_144,144,"In Non-Small Cell Lung trials, classify the ICI by target class from its generic name as PD-1, PD-L1, or CTLA-4.",Name of ICI,44,NCT02775435,30280635,Keynote-407,Pembrolizumab,"{""class"": ""PD1""}",null,"[""\""PD1\"""", ""PD1""]",0,0.0,0.0,/mnt/data1/srchowd3/FD-NL2SQL/methodv2/runs/question_table_copy_llm_naive_full_qwen30b/questions/row_144_In_Non_Small_Cell_Lung_trials_classify_the_ICI_by_target_class_from_its_generic_name_as_PD_1_PD_L1_or_CTLA_4
row_144,144,"In Non-Small Cell Lung trials, classify the ICI by target class from its generic name as PD-1, PD-L1, or CTLA-4.",Name of ICI,45,NCT02366143,29863955,IMPower150,Atezolizumab,"{""class"": ""PD-L1""}",null,"[""\""PD-L1\"""", ""PD-L1""]",0,0.0,0.0,/mnt/data1/srchowd3/FD-NL2SQL/methodv2/runs/question_table_copy_llm_naive_full_qwen30b/questions/row_144_In_Non_Small_Cell_Lung_trials_classify_the_ICI_by_target_class_from_its_generic_name_as_PD_1_PD_L1_or_CTLA_4
row_144,144,"In Non-Small Cell Lung trials, classify the ICI by target class from its generic name as PD-1, PD-L1, or CTLA-4.",Name of ICI,46,NCT02366143,29863955,IMPower150,Atezolizumab,"{""class"": ""PD-L1""}",null,"[""\""PD-L1\"""", ""PD-L1""]",0,0.0,0.0,/mnt/data1/srchowd3/FD-NL2SQL/methodv2/runs/question_table_copy_llm_naive_full_qwen30b/questions/row_144_In_Non_Small_Cell_Lung_trials_classify_the_ICI_by_target_class_from_its_generic_name_as_PD_1_PD_L1_or_CTLA_4
row_144,144,"In Non-Small Cell Lung trials, classify the ICI by target class from its generic name as PD-1, PD-L1, or CTLA-4.",Name of ICI,47,NCT02477826,29658845,Checkmate 227,"Nivolumab, Ipilimumab","{""class"": ""PD1, CTLA-4""}",null,"[""\""PD1, CTLA-4\"""", ""PD1, CTLA-4""]",0,0.0,0.0,/mnt/data1/srchowd3/FD-NL2SQL/methodv2/runs/question_table_copy_llm_naive_full_qwen30b/questions/row_144_In_Non_Small_Cell_Lung_trials_classify_the_ICI_by_target_class_from_its_generic_name_as_PD_1_PD_L1_or_CTLA_4
row_144,144,"In Non-Small Cell Lung trials, classify the ICI by target class from its generic name as PD-1, PD-L1, or CTLA-4.",Name of ICI,48,NCT02477826,29658845,Checkmate 227,Nivolumab,"{""class"": ""PD1""}",null,"[""\""PD1\"""", ""PD1""]",0,0.0,0.0,/mnt/data1/srchowd3/FD-NL2SQL/methodv2/runs/question_table_copy_llm_naive_full_qwen30b/questions/row_144_In_Non_Small_Cell_Lung_trials_classify_the_ICI_by_target_class_from_its_generic_name_as_PD_1_PD_L1_or_CTLA_4
row_144,144,"In Non-Small Cell Lung trials, classify the ICI by target class from its generic name as PD-1, PD-L1, or CTLA-4.",Name of ICI,49,NCT02477826,31562796,Checkmate 227,"Nivolumab, Ipilimumab","{""class"": ""PD1, CTLA-4""}",null,"[""\""PD1, CTLA-4\"""", ""PD1, CTLA-4""]",0,0.0,0.0,/mnt/data1/srchowd3/FD-NL2SQL/methodv2/runs/question_table_copy_llm_naive_full_qwen30b/questions/row_144_In_Non_Small_Cell_Lung_trials_classify_the_ICI_by_target_class_from_its_generic_name_as_PD_1_PD_L1_or_CTLA_4
row_144,144,"In Non-Small Cell Lung trials, classify the ICI by target class from its generic name as PD-1, PD-L1, or CTLA-4.",Name of ICI,50,NCT02477826,31562796,Checkmate 227,Nivolumab,"{""class"": ""PD1""}",null,"[""\""PD1\"""", ""PD1""]",0,0.0,0.0,/mnt/data1/srchowd3/FD-NL2SQL/methodv2/runs/question_table_copy_llm_naive_full_qwen30b/questions/row_144_In_Non_Small_Cell_Lung_trials_classify_the_ICI_by_target_class_from_its_generic_name_as_PD_1_PD_L1_or_CTLA_4
row_144,144,"In Non-Small Cell Lung trials, classify the ICI by target class from its generic name as PD-1, PD-L1, or CTLA-4.",Name of ICI,51,NCT02477826,31562796,Checkmate 227,Nivolumab,"{""class"": ""PD1""}",null,"[""\""PD1\"""", ""PD1""]",0,0.0,0.0,/mnt/data1/srchowd3/FD-NL2SQL/methodv2/runs/question_table_copy_llm_naive_full_qwen30b/questions/row_144_In_Non_Small_Cell_Lung_trials_classify_the_ICI_by_target_class_from_its_generic_name_as_PD_1_PD_L1_or_CTLA_4
row_144,144,"In Non-Small Cell Lung trials, classify the ICI by target class from its generic name as PD-1, PD-L1, or CTLA-4.",Name of ICI,52,NCT02220894,30955977,Keynote-042,Pembrolizumab,"{""class"": ""PD1""}",null,"[""\""PD1\"""", ""PD1""]",0,0.0,0.0,/mnt/data1/srchowd3/FD-NL2SQL/methodv2/runs/question_table_copy_llm_naive_full_qwen30b/questions/row_144_In_Non_Small_Cell_Lung_trials_classify_the_ICI_by_target_class_from_its_generic_name_as_PD_1_PD_L1_or_CTLA_4
row_144,144,"In Non-Small Cell Lung trials, classify the ICI by target class from its generic name as PD-1, PD-L1, or CTLA-4.",Name of ICI,54,NCT02142738,30620668,Keynote-024,Pembrolizumab,"{""class"": ""PD1""}",null,"[""\""PD1\"""", ""PD1""]",0,0.0,0.0,/mnt/data1/srchowd3/FD-NL2SQL/methodv2/runs/question_table_copy_llm_naive_full_qwen30b/questions/row_144_In_Non_Small_Cell_Lung_trials_classify_the_ICI_by_target_class_from_its_generic_name_as_PD_1_PD_L1_or_CTLA_4
row_144,144,"In Non-Small Cell Lung trials, classify the ICI by target class from its generic name as PD-1, PD-L1, or CTLA-4.",Name of ICI,55,NCT02367781,31122901,IMpower130,Atezolizumab,"{""class"": ""PD-L1""}",null,"[""\""PD-L1\"""", ""PD-L1""]",0,0.0,0.0,/mnt/data1/srchowd3/FD-NL2SQL/methodv2/runs/question_table_copy_llm_naive_full_qwen30b/questions/row_144_In_Non_Small_Cell_Lung_trials_classify_the_ICI_by_target_class_from_its_generic_name_as_PD_1_PD_L1_or_CTLA_4
row_144,144,"In Non-Small Cell Lung trials, classify the ICI by target class from its generic name as PD-1, PD-L1, or CTLA-4.",Name of ICI,56,NCT02613507,30659987,Checkmate 078,Nivolumab,"{""class"": ""PD1""}",null,"[""\""PD1\"""", ""PD1""]",0,0.0,0.0,/mnt/data1/srchowd3/FD-NL2SQL/methodv2/runs/question_table_copy_llm_naive_full_qwen30b/questions/row_144_In_Non_Small_Cell_Lung_trials_classify_the_ICI_by_target_class_from_its_generic_name_as_PD_1_PD_L1_or_CTLA_4
row_144,144,"In Non-Small Cell Lung trials, classify the ICI by target class from its generic name as PD-1, PD-L1, or CTLA-4.",Name of ICI,57,NCT02454933,30763730,CAURAL,Durvalumab,"{""class"": ""PD-L1""}",null,"[""\""PD-L1\"""", ""PD-L1""]",0,0.0,0.0,/mnt/data1/srchowd3/FD-NL2SQL/methodv2/runs/question_table_copy_llm_naive_full_qwen30b/questions/row_144_In_Non_Small_Cell_Lung_trials_classify_the_ICI_by_target_class_from_its_generic_name_as_PD_1_PD_L1_or_CTLA_4
row_144,144,"In Non-Small Cell Lung trials, classify the ICI by target class from its generic name as PD-1, PD-L1, or CTLA-4.",Name of ICI,89,NCT02352948,32201234,ARCTIC,Durvalumab,"{""class"": ""PD-L1""}",null,"[""\""PD-L1\"""", ""PD-L1""]",0,0.0,0.0,/mnt/data1/srchowd3/FD-NL2SQL/methodv2/runs/question_table_copy_llm_naive_full_qwen30b/questions/row_144_In_Non_Small_Cell_Lung_trials_classify_the_ICI_by_target_class_from_its_generic_name_as_PD_1_PD_L1_or_CTLA_4
row_144,144,"In Non-Small Cell Lung trials, classify the ICI by target class from its generic name as PD-1, PD-L1, or CTLA-4.",Name of ICI,90,NCT02352948,32201234,ARCTIC,Tremelimumab,"{""class"": ""CTLA-4""}",null,"[""\""CTLA-4\"""", ""CTLA-4""]",0,0.0,0.0,/mnt/data1/srchowd3/FD-NL2SQL/methodv2/runs/question_table_copy_llm_naive_full_qwen30b/questions/row_144_In_Non_Small_Cell_Lung_trials_classify_the_ICI_by_target_class_from_its_generic_name_as_PD_1_PD_L1_or_CTLA_4
row_144,144,"In Non-Small Cell Lung trials, classify the ICI by target class from its generic name as PD-1, PD-L1, or CTLA-4.",Name of ICI,91,NCT02352948,32201234,ARCTIC,"Durvalumab, Tremelimumab","{""class"": ""PD-L1, CTLA-4""}",null,"[""\""PD-L1, CTLA-4\"""", ""PD-L1, CTLA-4""]",0,0.0,0.0,/mnt/data1/srchowd3/FD-NL2SQL/methodv2/runs/question_table_copy_llm_naive_full_qwen30b/questions/row_144_In_Non_Small_Cell_Lung_trials_classify_the_ICI_by_target_class_from_its_generic_name_as_PD_1_PD_L1_or_CTLA_4
row_144,144,"In Non-Small Cell Lung trials, classify the ICI by target class from its generic name as PD-1, PD-L1, or CTLA-4.",Name of ICI,99,NCT02453282,32271377,MYSTIC,Durvalumab,"{""class"": ""PD-L1""}",null,"[""\""PD-L1\"""", ""PD-L1""]",0,0.0,0.0,/mnt/data1/srchowd3/FD-NL2SQL/methodv2/runs/question_table_copy_llm_naive_full_qwen30b/questions/row_144_In_Non_Small_Cell_Lung_trials_classify_the_ICI_by_target_class_from_its_generic_name_as_PD_1_PD_L1_or_CTLA_4
row_144,144,"In Non-Small Cell Lung trials, classify the ICI by target class from its generic name as PD-1, PD-L1, or CTLA-4.",Name of ICI,100,NCT02453282,32271377,MYSTIC,"Durvalumab, Tremelimumab","{""class"": ""PD-L1, CTLA-4""}",null,"[""\""PD-L1, CTLA-4\"""", ""PD-L1, CTLA-4""]",0,0.0,0.0,/mnt/data1/srchowd3/FD-NL2SQL/methodv2/runs/question_table_copy_llm_naive_full_qwen30b/questions/row_144_In_Non_Small_Cell_Lung_trials_classify_the_ICI_by_target_class_from_its_generic_name_as_PD_1_PD_L1_or_CTLA_4
row_144,144,"In Non-Small Cell Lung trials, classify the ICI by target class from its generic name as PD-1, PD-L1, or CTLA-4.",Name of ICI,102,NCT02367794,32302702,IMpower131,Atezolizumab,"{""class"": ""PD-L1""}",null,"[""\""PD-L1\"""", ""PD-L1""]",0,0.0,0.0,/mnt/data1/srchowd3/FD-NL2SQL/methodv2/runs/question_table_copy_llm_naive_full_qwen30b/questions/row_144_In_Non_Small_Cell_Lung_trials_classify_the_ICI_by_target_class_from_its_generic_name_as_PD_1_PD_L1_or_CTLA_4
row_144,144,"In Non-Small Cell Lung trials, classify the ICI by target class from its generic name as PD-1, PD-L1, or CTLA-4.",Name of ICI,103,NCT02367794,32302702,IMpower131,Atezolizumab,"{""class"": ""PD-L1""}",null,"[""\""PD-L1\"""", ""PD-L1""]",0,0.0,0.0,/mnt/data1/srchowd3/FD-NL2SQL/methodv2/runs/question_table_copy_llm_naive_full_qwen30b/questions/row_144_In_Non_Small_Cell_Lung_trials_classify_the_ICI_by_target_class_from_its_generic_name_as_PD_1_PD_L1_or_CTLA_4
row_144,144,"In Non-Small Cell Lung trials, classify the ICI by target class from its generic name as PD-1, PD-L1, or CTLA-4.",Name of ICI,113,NCT02574598,32271354,PROLUNG,Pembrolizumab,"{""class"": ""PD1""}",null,"[""\""PD1\"""", ""PD1""]",0,0.0,0.0,/mnt/data1/srchowd3/FD-NL2SQL/methodv2/runs/question_table_copy_llm_naive_full_qwen30b/questions/row_144_In_Non_Small_Cell_Lung_trials_classify_the_ICI_by_target_class_from_its_generic_name_as_PD_1_PD_L1_or_CTLA_4
row_144,144,"In Non-Small Cell Lung trials, classify the ICI by target class from its generic name as PD-1, PD-L1, or CTLA-4.",Name of ICI,116,NCT02142738,27718847,Keynote-024,Pembrolizumab,"{""class"": ""PD1""}",null,"[""\""PD1\"""", ""PD1""]",0,0.0,0.0,/mnt/data1/srchowd3/FD-NL2SQL/methodv2/runs/question_table_copy_llm_naive_full_qwen30b/questions/row_144_In_Non_Small_Cell_Lung_trials_classify_the_ICI_by_target_class_from_its_generic_name_as_PD_1_PD_L1_or_CTLA_4
row_144,144,"In Non-Small Cell Lung trials, classify the ICI by target class from its generic name as PD-1, PD-L1, or CTLA-4.",Name of ICI,129,NCT02409342,32997907,IMpower110,Atezolizumab,"{""class"": ""PD-L1""}",null,"[""\""PD-L1\"""", ""PD-L1""]",0,0.0,0.0,/mnt/data1/srchowd3/FD-NL2SQL/methodv2/runs/question_table_copy_llm_naive_full_qwen30b/questions/row_144_In_Non_Small_Cell_Lung_trials_classify_the_ICI_by_target_class_from_its_generic_name_as_PD_1_PD_L1_or_CTLA_4
row_144,144,"In Non-Small Cell Lung trials, classify the ICI by target class from its generic name as PD-1, PD-L1, or CTLA-4.",Name of ICI,143,NCT01903993,33166718,POPLAR,Atezolizumab,"{""class"": ""PD-L1""}",null,"[""\""PD-L1\"""", ""PD-L1""]",0,0.0,0.0,/mnt/data1/srchowd3/FD-NL2SQL/methodv2/runs/question_table_copy_llm_naive_full_qwen30b/questions/row_144_In_Non_Small_Cell_Lung_trials_classify_the_ICI_by_target_class_from_its_generic_name_as_PD_1_PD_L1_or_CTLA_4
row_144,144,"In Non-Small Cell Lung trials, classify the ICI by target class from its generic name as PD-1, PD-L1, or CTLA-4.",Name of ICI,144,NCT02008227,33166718,OAK,Atezolizumab,"{""class"": ""PD-L1""}",null,"[""\""PD-L1\"""", ""PD-L1""]",0,0.0,0.0,/mnt/data1/srchowd3/FD-NL2SQL/methodv2/runs/question_table_copy_llm_naive_full_qwen30b/questions/row_144_In_Non_Small_Cell_Lung_trials_classify_the_ICI_by_target_class_from_its_generic_name_as_PD_1_PD_L1_or_CTLA_4
row_144,144,"In Non-Small Cell Lung trials, classify the ICI by target class from its generic name as PD-1, PD-L1, or CTLA-4.",Name of ICI,146,NCT03215706,33476593,CheckMate 9LA,"Nivolumab, Ipilimumab","{""class"": ""PD1, CTLA-4""}",null,"[""\""PD1, CTLA-4\"""", ""PD1, CTLA-4""]",0,0.0,0.0,/mnt/data1/srchowd3/FD-NL2SQL/methodv2/runs/question_table_copy_llm_naive_full_qwen30b/questions/row_144_In_Non_Small_Cell_Lung_trials_classify_the_ICI_by_target_class_from_its_generic_name_as_PD_1_PD_L1_or_CTLA_4
row_144,144,"In Non-Small Cell Lung trials, classify the ICI by target class from its generic name as PD-1, PD-L1, or CTLA-4.",Name of ICI,155,NCT03088540,33581821,EMPOWER-Lung 1,Cemiplimab,"{""class"": ""PD1""}",null,"[""\""PD1\"""", ""PD1""]",0,0.0,0.0,/mnt/data1/srchowd3/FD-NL2SQL/methodv2/runs/question_table_copy_llm_naive_full_qwen30b/questions/row_144_In_Non_Small_Cell_Lung_trials_classify_the_ICI_by_target_class_from_its_generic_name_as_PD_1_PD_L1_or_CTLA_4
row_144,144,"In Non-Small Cell Lung trials, classify the ICI by target class from its generic name as PD-1, PD-L1, or CTLA-4.",Name of ICI,156,NCT02852083, 33796020,ModuLung,Nivolumab,"{""class"": ""PD1""}",null,"[""\""PD1\"""", ""PD1""]",0,0.0,0.0,/mnt/data1/srchowd3/FD-NL2SQL/methodv2/runs/question_table_copy_llm_naive_full_qwen30b/questions/row_144_In_Non_Small_Cell_Lung_trials_classify_the_ICI_by_target_class_from_its_generic_name_as_PD_1_PD_L1_or_CTLA_4
